doc_id,domain,domain_vi,prefix,original_file,clean_file,title,doc_code,source,effect_status,effective_date,expiry_date,char_count,line_count,content_hash
ds_001,civil,dan_su,ds,ds_1.md,clean_data/civil/ds_001_hieu_luc.md,Hiệu lực:,Bộ luật 92/2015/QH13,https://vbpl.vn/TW/Pages/vbpq-toanvan.aspx?ItemID=96115,Hết hiệu lực một phần,01/07/2016,,501734,6278,315e8e808da5
ds_010,civil,dan_su,ds,ds_10.md,clean_data/civil/ds_010_hieu_luc.md,Hiệu lực:,Pháp lệnh Không số,https://vbpl.vn/TW/Pages/vbpq-toanvan.aspx?ItemID=10814,Hết hiệu lực toàn bộ,01/06/1993,01/07/2004,33642,584,54aba058a3ab
ds_100,civil,dan_su,ds,ds_100.md,clean_data/civil/ds_100_hieu_luc.md,Hiệu lực:,Quyết định 1777/QĐ-TTg,https://vbpl.vn/TW/Pages/vbpq-toanvan.aspx?ItemID=25092,Còn hiệu lực,20/11/2009,,3331,54,f7f9b56e1b49
ds_011,civil,dan_su,ds,ds_11.md,clean_data/civil/ds_011_hieu_luc.md,Hiệu lực:,Pháp lệnh Không số,https://vbpl.vn/TW/Pages/vbpq-toanvan.aspx?ItemID=10815,Hết hiệu lực toàn bộ,01/07/1993,24/06/2004,19005,302,6f65d8d98e58
ds_012,civil,dan_su,ds,ds_12.md,clean_data/civil/ds_012_hieu_luc.md,Hiệu lực:,Pháp lệnh Không số,https://vbpl.vn/TW/Pages/vbpq-toanvan.aspx?ItemID=11599,Hết hiệu lực toàn bộ,01/07/1991,01/07/1996,24641,483,8dc881c2a90f
ds_013,civil,dan_su,ds,ds_13.md,clean_data/civil/ds_013_hieu_luc.md,Hiệu lực:,Pháp lệnh 27-LCT/HĐNN8,https://vbpl.vn/TW/Pages/vbpq-toanvan.aspx?ItemID=2306,Hết hiệu lực toàn bộ,01/01/1990,24/06/2004,49232,843,39e4025629bc
ds_014,civil,dan_su,ds,ds_14.md,clean_data/civil/ds_014_hieu_luc.md,Hiệu lực:,Pháp lệnh 23-LCT/HĐNN8,https://vbpl.vn/TW/Pages/vbpq-toanvan.aspx?ItemID=2311,Hết hiệu lực toàn bộ,01/01/1990,01/06/1993,25264,413,7732c1ae264c
ds_015,civil,dan_su,ds,ds_15.md,clean_data/civil/ds_015_hieu_luc.md,Hiệu lực:,Lệnh 26/2014/L-CTN,https://vbpl.vn/TW/Pages/vbpq-toanvan.aspx?ItemID=70292,Còn hiệu lực,08/12/2014,,1348,49,a959db2f3126
ds_016,civil,dan_su,ds,ds_16.md,clean_data/civil/ds_016_hieu_luc.md,Hiệu lực:,Lệnh 14/L-CTN,https://vbpl.vn/TW/Pages/vbpq-toanvan.aspx?ItemID=6629,Hết hiệu lực toàn bộ,26/04/1993,01/01/2005,27461,409,d349bbbb7193
ds_017,civil,dan_su,ds,ds_17.md,clean_data/civil/ds_017_hieu_luc.md,Hiệu lực:,Lệnh 13/L-CTN,https://vbpl.vn/TW/Pages/vbpq-toanvan.aspx?ItemID=6630,Hết hiệu lực toàn bộ,26/04/1993,01/07/2004,27423,409,3ae53f8ccd33
ds_018,civil,dan_su,ds,ds_18.md,clean_data/civil/ds_018_hieu_luc.md,Hiệu lực:,Nghị quyết Số: 02/2022/NQ-HĐTP,https://vbpl.vn/TW/Pages/vbpq-toanvan.aspx?ItemID=167688,Còn hiệu lực,01/01/2023,,30259,311,16da39ae5602
ds_019,civil,dan_su,ds,ds_19.md,clean_data/civil/ds_019_hieu_luc.md,Hiệu lực:,Nghị quyết 01/2021/NQ-HĐTP,https://vbpl.vn/TW/Pages/vbpq-toanvan.aspx?ItemID=151626,Còn hiệu lực,24/12/2021,,8533,103,a0f1dd273911
ds_002,civil,dan_su,ds,ds_2.md,clean_data/civil/ds_002_hieu_luc.md,Hiệu lực:,Luật 85/2025/QH15,https://vbpl.vn/TW/Pages/vbpq-toanvan.aspx?ItemID=179420,Hết hiệu lực một phần,01/07/2025,,49017,608,85d11d5acd60
ds_020,civil,dan_su,ds,ds_20.md,clean_data/civil/ds_020_hieu_luc.md,Hiệu lực:,Bộ luật 33/2005/QH11,https://vbpl.vn/TW/Pages/vbpq-toanvan.aspx?ItemID=18128,Hết hiệu lực toàn bộ,01/01/2006,01/01/2017,377994,6495,36e09e9aefe9
ds_021,civil,dan_su,ds,ds_21.md,clean_data/civil/ds_021_hieu_luc.md,Hiệu lực:,Nghị quyết Số: 01/2021/NQ-HĐTP,https://vbpl.vn/TW/Pages/vbpq-toanvan.aspx?ItemID=167690,Còn hiệu lực,24/12/2021,,9751,115,9672c0c928cc
ds_022,civil,dan_su,ds,ds_22.md,clean_data/civil/ds_022_hieu_luc.md,Hiệu lực:,Nghị quyết 02/2020/NQ-HĐTP,https://vbpl.vn/TW/Pages/vbpq-toanvan.aspx?ItemID=147587,Còn hiệu lực,01/12/2020,,41835,340,dd2db79f36ad
ds_023,civil,dan_su,ds,ds_23.md,clean_data/civil/ds_023_hieu_luc.md,Hiệu lực:,Nghị quyết 04/2018/NQ-HĐTP,https://vbpl.vn/TW/Pages/vbpq-toanvan.aspx?ItemID=153951,Còn hiệu lực,01/10/2018,,2059,50,289a803c2d15
ds_024,civil,dan_su,ds,ds_24.md,clean_data/civil/ds_024_hieu_luc.md,Hiệu lực:,Nghị quyết 04/2017/NQ-HĐTP,https://vbpl.vn/TW/Pages/vbpq-toanvan.aspx?ItemID=121554,Còn hiệu lực,01/07/2017,,19063,150,0f3436e9aef2
ds_025,civil,dan_su,ds,ds_25.md,clean_data/civil/ds_025_hieu_luc.md,Hiệu lực:,Nghị quyết 01/2017/NQ-HĐTP,https://vbpl.vn/TW/Pages/vbpq-toanvan.aspx?ItemID=153920,Còn hiệu lực,24/02/2017,,2222,51,5c4eb7411c41
ds_026,civil,dan_su,ds,ds_26.md,clean_data/civil/ds_026_hieu_luc.md,Hiệu lực:,Nghị quyết 04/2016/NQ-HĐTP,https://vbpl.vn/TW/Pages/vbpq-toanvan.aspx?ItemID=153919,Hết hiệu lực một phần,15/02/2017,,25874,268,900a01d16d5a
ds_027,civil,dan_su,ds,ds_27.md,clean_data/civil/ds_027_hieu_luc.md,Hiệu lực:,Nghị quyết 02/2016/NQ-HĐTP,https://vbpl.vn/TW/Pages/vbpq-toanvan.aspx?ItemID=121224,Còn hiệu lực,01/08/2016,,15621,104,78cb44967200
ds_028,civil,dan_su,ds,ds_28.md,clean_data/civil/ds_028_hieu_luc.md,Hiệu lực:,Nghị quyết 103/2015/QH13,https://vbpl.vn/TW/Pages/vbpq-toanvan.aspx?ItemID=153918,Còn hiệu lực,25/11/2015,,5694,66,87e17179caf5
ds_029,civil,dan_su,ds,ds_29.md,clean_data/civil/ds_029_hieu_luc.md,Hiệu lực:,Nghị quyết 857/NQ-UBTVQH13,https://vbpl.vn/TW/Pages/vbpq-toanvan.aspx?ItemID=46783,Còn hiệu lực,25/12/2014,,6923,113,44ffbbbe14cd
ds_003,civil,dan_su,ds,ds_3.md,clean_data/civil/ds_003_hieu_luc.md,Hiệu lực:,Luật 18/2023/QH15,https://vbpl.vn/TW/Pages/vbpq-toanvan.aspx?ItemID=167216,Hết hiệu lực một phần,01/07/2024,,66279,958,773533a9d917
ds_030,civil,dan_su,ds,ds_30.md,clean_data/civil/ds_030_hieu_luc.md,Hiệu lực:,Nghị quyết 02/2012/NQ-HĐTP,https://vbpl.vn/TW/Pages/vbpq-toanvan.aspx?ItemID=68058,Còn hiệu lực,01/07/2013,,7128,84,36ec0679a782
ds_031,civil,dan_su,ds,ds_31.md,clean_data/civil/ds_031_hieu_luc.md,Hiệu lực:,Nghị quyết 05/2012/NQ-HĐTP,https://vbpl.vn/TW/Pages/vbpq-toanvan.aspx?ItemID=30607,Còn hiệu lực,01/07/2013,,83873,696,256f0031ca3f
ds_032,civil,dan_su,ds,ds_32.md,clean_data/civil/ds_032_hieu_luc.md,Hiệu lực:,Nghị quyết 04/2012/NQ-HĐTP,https://vbpl.vn/TW/Pages/vbpq-toanvan.aspx?ItemID=30606,Còn hiệu lực,01/07/2013,,33756,318,f3fc06e2a10b
ds_033,civil,dan_su,ds,ds_33.md,clean_data/civil/ds_033_hieu_luc.md,Hiệu lực:,Nghị quyết 06/2012/NQ-HĐTP,https://vbpl.vn/TW/Pages/vbpq-toanvan.aspx?ItemID=30610,Còn hiệu lực,01/07/2013,01/07/2013,54658,422,1ed59a27bf31
ds_034,civil,dan_su,ds,ds_34.md,clean_data/civil/ds_034_hieu_luc.md,Hiệu lực:,Nghị quyết 03/2012/NQ-HĐTP,https://vbpl.vn/TW/Pages/vbpq-toanvan.aspx?ItemID=36686,Còn hiệu lực,01/07/2013,,55079,501,0b5e960fb374
ds_035,civil,dan_su,ds,ds_35.md,clean_data/civil/ds_035_hieu_luc.md,Hiệu lực:,Nghị quyết 60/2011/QH12,https://vbpl.vn/TW/Pages/vbpq-toanvan.aspx?ItemID=26675,Còn hiệu lực,29/03/2011,,6786,73,5dce182af66e
ds_036,civil,dan_su,ds,ds_36.md,clean_data/civil/ds_036_hieu_luc.md,Hiệu lực:,Nghị quyết 781/2009/UBTVQH12,https://vbpl.vn/TW/Pages/vbpq-toanvan.aspx?ItemID=12055,Còn hiệu lực,01/07/2009,,8570,224,db138d217570
ds_037,civil,dan_su,ds,ds_37.md,clean_data/civil/ds_037_hieu_luc.md,Hiệu lực:,Nghị quyết 720/2008/UBTVQH12,https://vbpl.vn/TW/Pages/vbpq-toanvan.aspx?ItemID=12525,Còn hiệu lực,01/01/2009,,9400,296,d9c8da6d61de
ds_038,civil,dan_su,ds,ds_38.md,clean_data/civil/ds_038_hieu_luc.md,Hiệu lực:,Nghị quyết 24/2008/QH12,https://vbpl.vn/TW/Pages/vbpq-toanvan.aspx?ItemID=12319,Còn hiệu lực,01/07/2014,07/10/2024,4641,70,00f550833965
ds_039,civil,dan_su,ds,ds_39.md,clean_data/civil/ds_039_hieu_luc.md,Hiệu lực:,Nghị quyết 293A/2007/UBTVQH12,https://vbpl.vn/TW/Pages/vbpq-toanvan.aspx?ItemID=13194,Còn hiệu lực,07/11/2007,,14542,494,c6af7f17af25
ds_004,civil,dan_su,ds,ds_4.md,clean_data/civil/ds_004_hieu_luc.md,Hiệu lực:,Luật 03/2022/QH15,https://vbpl.vn/TW/Pages/vbpq-toanvan.aspx?ItemID=152951,Hết hiệu lực một phần,01/03/2022,,30559,333,8548e3c3c9d3
ds_040,civil,dan_su,ds,ds_40.md,clean_data/civil/ds_040_hieu_luc.md,Hiệu lực:,Bộ luật 24/2004/QH11,https://vbpl.vn/TW/Pages/vbpq-toanvan.aspx?ItemID=19482,Hết hiệu lực toàn bộ,01/01/2005,01/07/2016,288152,4107,2280d20fe47a
ds_041,civil,dan_su,ds,ds_41.md,clean_data/civil/ds_041_hieu_luc.md,Hiệu lực:,Nghị quyết 05/2006/NQ-HĐTP,https://vbpl.vn/TW/Pages/vbpq-toanvan.aspx?ItemID=15535,Hết hiệu lực toàn bộ,05/09/2006,01/07/2013,50384,395,06deada43529
ds_042,civil,dan_su,ds,ds_42.md,clean_data/civil/ds_042_hieu_luc.md,Hiệu lực:,Nghị quyết 1036/2006/NQ-UBTVQH11,https://vbpl.vn/TW/Pages/vbpq-toanvan.aspx?ItemID=15659,Còn hiệu lực,01/08/2006,,15231,276,33a9cf16a61b
ds_043,civil,dan_su,ds,ds_43.md,clean_data/civil/ds_043_hieu_luc.md,Hiệu lực:,Nghị quyết 1037/2006/NQ-UBTVQH11,https://vbpl.vn/TW/Pages/vbpq-toanvan.aspx?ItemID=15517,Còn hiệu lực,01/09/2006,,45306,550,4b9b178a863e
ds_044,civil,dan_su,ds,ds_44.md,clean_data/civil/ds_044_hieu_luc.md,Hiệu lực:,Nghị quyết 03/2006/NQ-HĐTP,https://vbpl.vn/TW/Pages/vbpq-toanvan.aspx?ItemID=15588,Còn hiệu lực,06/08/2006,,31788,317,c0a123dbae5b
ds_045,civil,dan_su,ds,ds_45.md,clean_data/civil/ds_045_hieu_luc.md,Hiệu lực:,Nghị quyết 02/2006/NQ-HĐTP,https://vbpl.vn/TW/Pages/vbpq-toanvan.aspx?ItemID=15930,Hết hiệu lực toàn bộ,18/06/2006,01/07/2013,63468,597,d00eda6d2196
ds_046,civil,dan_su,ds,ds_46.md,clean_data/civil/ds_046_hieu_luc.md,Hiệu lực:,Nghị quyết 04/2005/NQ-HĐTP,https://vbpl.vn/TW/Pages/vbpq-toanvan.aspx?ItemID=17448,Hết hiệu lực toàn bộ,17/10/2005,01/07/2013,32492,345,e3a60f728c56
ds_047,civil,dan_su,ds,ds_47.md,clean_data/civil/ds_047_hieu_luc.md,Hiệu lực:,Nghị quyết 45/2005/NQ-QH11,https://vbpl.vn/TW/Pages/vbpq-toanvan.aspx?ItemID=74176,Còn hiệu lực,16/09/2005,,3666,65,d72a4ab86a91
ds_048,civil,dan_su,ds,ds_48.md,clean_data/civil/ds_048_hieu_luc.md,Hiệu lực:,Nghị quyết 45/2005/QH11,https://vbpl.vn/TW/Pages/vbpq-toanvan.aspx?ItemID=17593,Hết hiệu lực toàn bộ,16/09/2005,01/01/2017,3640,65,c9ed1fc8715f
ds_049,civil,dan_su,ds,ds_49.md,clean_data/civil/ds_049_hieu_luc.md,Hiệu lực:,Nghị quyết 02/2005/NQ-HĐTP,https://vbpl.vn/TW/Pages/vbpq-toanvan.aspx?ItemID=18288,Còn hiệu lực,13/06/2005,01/07/2016,28006,273,d322916eeea4
ds_005,civil,dan_su,ds,ds_5.md,clean_data/civil/ds_005_hieu_luc.md,Hiệu lực:,Luật 64/2014/QH13,https://vbpl.vn/TW/Pages/vbpq-toanvan.aspx?ItemID=46740,Hết hiệu lực một phần,01/07/2015,,64369,824,cde14b50c67c
ds_050,civil,dan_su,ds,ds_50.md,clean_data/civil/ds_050_hieu_luc.md,Hiệu lực:,Nghị quyết 01/2005/NQ-HĐTP,https://vbpl.vn/TW/Pages/vbpq-toanvan.aspx?ItemID=16114,Hết hiệu lực toàn bộ,08/05/2005,01/07/2013,44685,435,09fefbc0ad07
ds_051,civil,dan_su,ds,ds_51.md,clean_data/civil/ds_051_hieu_luc.md,Hiệu lực:,Nghị quyết 742/2004/NQ-UBTVQH11,https://vbpl.vn/TW/Pages/vbpq-toanvan.aspx?ItemID=15833,Còn hiệu lực,29/01/2005,,9013,306,0923d5c32f61
ds_052,civil,dan_su,ds,ds_52.md,clean_data/civil/ds_052_hieu_luc.md,Hiệu lực:,Nghị quyết 02/2004/NQ-HĐTP,https://vbpl.vn/TW/Pages/vbpq-toanvan.aspx?ItemID=16333,Còn hiệu lực,21/09/2004,,31633,257,99286b4f8463
ds_053,civil,dan_su,ds,ds_53.md,clean_data/civil/ds_053_hieu_luc.md,Hiệu lực:,Bộ luật Không số,https://vbpl.vn/TW/Pages/vbpq-toanvan.aspx?ItemID=9683,Hết hiệu lực toàn bộ,01/07/1996,01/01/2006,412059,7089,9ec4c0b38bc8
ds_054,civil,dan_su,ds,ds_54.md,clean_data/civil/ds_054_hieu_luc.md,Hiệu lực:,Nghị quyết 32/2004/QH11,https://vbpl.vn/TW/Pages/vbpq-toanvan.aspx?ItemID=19390,Còn hiệu lực,24/06/2004,,5855,65,ce844248839e
ds_055,civil,dan_su,ds,ds_55.md,clean_data/civil/ds_055_hieu_luc.md,Hiệu lực:,Nghị quyết 01/2004/NQ-HĐTP,https://vbpl.vn/TW/Pages/vbpq-toanvan.aspx?ItemID=19469,Hết hiệu lực toàn bộ,27/05/2004,06/08/2006,30427,304,e508c929186d
ds_056,civil,dan_su,ds,ds_56.md,clean_data/civil/ds_056_hieu_luc.md,Hiệu lực:,Nghị quyết 01/2003/NQ-HĐTP,https://vbpl.vn/TW/Pages/vbpq-toanvan.aspx?ItemID=19859,Còn hiệu lực,03/06/2003,,22930,219,34aca6b4d37f
ds_057,civil,dan_su,ds,ds_57.md,clean_data/civil/ds_057_hieu_luc.md,Hiệu lực:,Nghị quyết 58/1998/NQ-UBTVQH10,https://vbpl.vn/TW/Pages/vbpq-toanvan.aspx?ItemID=7556,Còn hiệu lực,01/01/1999,,33093,324,b782d361bfae
ds_058,civil,dan_su,ds,ds_58.md,clean_data/civil/ds_058_hieu_luc.md,Hiệu lực:,Nghị quyết Không số,https://vbpl.vn/TW/Pages/vbpq-toanvan.aspx?ItemID=9707,Còn hiệu lực,01/07/1996,,5206,85,f70e70d4cc01
ds_059,civil,dan_su,ds,ds_59.md,clean_data/civil/ds_059_hieu_luc.md,Hiệu lực:,Nghị quyết 784/NQ-HĐNN7,https://vbpl.vn/TW/Pages/vbpq-toanvan.aspx?ItemID=2797,Còn hiệu lực,03/03/1987,,1265,49,c0b6a6eede80
ds_006,civil,dan_su,ds,ds_6.md,clean_data/civil/ds_006_hieu_luc.md,Hiệu lực:,Luật 65/2011/QH12,https://vbpl.vn/TW/Pages/vbpq-toanvan.aspx?ItemID=26674,Hết hiệu lực toàn bộ,01/01/2012,01/07/2016,72671,1088,9caac0010014
ds_060,civil,dan_su,ds,ds_60.md,clean_data/civil/ds_060_hieu_luc.md,Hiệu lực:,Nghị quyết 615-NQ/HĐNN7,https://vbpl.vn/TW/Pages/vbpq-toanvan.aspx?ItemID=3279,Còn hiệu lực,10/04/1985,,1194,47,69fa6ffd951a
ds_061,civil,dan_su,ds,ds_61.md,clean_data/civil/ds_061_hieu_luc.md,Hiệu lực:,Nghị quyết 616-NQ/HĐNN7,https://vbpl.vn/TW/Pages/vbpq-toanvan.aspx?ItemID=3278,Còn hiệu lực,10/04/1985,,1207,47,78f0e54c0304
ds_062,civil,dan_su,ds,ds_62.md,clean_data/civil/ds_062_hieu_luc.md,Hiệu lực:,Nghị quyết 324/NQ-HĐNN7,https://vbpl.vn/TW/Pages/vbpq-toanvan.aspx?ItemID=3638,Còn hiệu lực,30/03/1983,,1162,45,2eb92b3e9050
ds_063,civil,dan_su,ds,ds_63.md,clean_data/civil/ds_063_hieu_luc.md,Hiệu lực:,Nghị quyết 103-NQ/HĐNN7,https://vbpl.vn/TW/Pages/vbpq-toanvan.aspx?ItemID=3869,Còn hiệu lực,06/02/1982,,1195,45,301b2bd6cd3a
ds_064,civil,dan_su,ds,ds_64.md,clean_data/civil/ds_064_hieu_luc.md,Hiệu lực:,Nghị định 211/2025/NĐ-CP,https://vbpl.vn/TW/Pages/vbpq-toanvan.aspx?ItemID=180096,Còn hiệu lực,09/09/2025,,63055,783,93de349dfeae
ds_065,civil,dan_su,ds,ds_65.md,clean_data/civil/ds_065_hieu_luc.md,Hiệu lực:,Nghị định 200/2025/NĐ-CP,https://vbpl.vn/TW/Pages/vbpq-toanvan.aspx?ItemID=179784,Còn hiệu lực,23/08/2025,,66654,895,60e40d2248ca
ds_066,civil,dan_su,ds,ds_66.md,clean_data/civil/ds_066_hieu_luc.md,Hiệu lực:,Nghị định 152/2024/NĐ-CP,https://vbpl.vn/TW/Pages/vbpq-toanvan.aspx?ItemID=171896,Còn hiệu lực,01/01/2025,,23425,191,3b5628f007de
ds_067,civil,dan_su,ds,ds_67.md,clean_data/civil/ds_067_hieu_luc.md,Hiệu lực:,Nghị định 117/2024/NĐ-CP,https://vbpl.vn/TW/Pages/vbpq-toanvan.aspx?ItemID=170131,Còn hiệu lực,15/11/2024,,75373,1000,5458a0840464
ds_068,civil,dan_su,ds,ds_68.md,clean_data/civil/ds_068_hieu_luc.md,Hiệu lực:,Nghị định 32/2023/NĐ-CP,https://vbpl.vn/TW/Pages/vbpq-toanvan.aspx?ItemID=160811,Hết hiệu lực toàn bộ,09/06/2023,09/09/2025,3981,57,af5c9e368952
ds_069,civil,dan_su,ds,ds_69.md,clean_data/civil/ds_069_hieu_luc.md,Hiệu lực:,Nghị định 21/2021/NĐ-CP,https://vbpl.vn/TW/Pages/vbpq-toanvan.aspx?ItemID=147004,Còn hiệu lực,15/05/2021,,64060,783,b31be72ec203
ds_007,civil,dan_su,ds,ds_7.md,clean_data/civil/ds_007_hieu_luc.md,Hiệu lực:,Luật 26/2008/QH12,https://vbpl.vn/TW/Pages/vbpq-toanvan.aspx?ItemID=12318,Hết hiệu lực một phần,01/07/2009,,174567,2409,7faa5ef27bfb
ds_070,civil,dan_su,ds,ds_70.md,clean_data/civil/ds_070_hieu_luc.md,Hiệu lực:,Nghị định 33/2020/NĐ-CP,https://vbpl.vn/TW/Pages/vbpq-toanvan.aspx?ItemID=141444,Hết hiệu lực một phần,01/05/2020,,27966,281,d1f599e37e88
ds_071,civil,dan_su,ds,ds_71.md,clean_data/civil/ds_071_hieu_luc.md,Hiệu lực:,Nghị định 02/2019/NĐ-CP,https://vbpl.vn/TW/Pages/vbpq-toanvan.aspx?ItemID=133483,Hết hiệu lực toàn bộ,16/02/2019,23/08/2025,81050,1103,6763322bd8d0
ds_072,civil,dan_su,ds,ds_72.md,clean_data/civil/ds_072_hieu_luc.md,Hiệu lực:,Luật 102/2025/QH15,https://vbpl.vn/TW/Pages/vbpq-toanvan.aspx?ItemID=185946,Chưa có hiệu lực,01/07/2026,,31029,428,7b604ab454cc
ds_073,civil,dan_su,ds,ds_73.md,clean_data/civil/ds_073_hieu_luc.md,Hiệu lực:,Nghị định 53/2018/NĐ-CP,https://vbpl.vn/TW/Pages/vbpq-toanvan.aspx?ItemID=137224,Hết hiệu lực toàn bộ,16/04/2018,09/09/2025,3901,65,b5499f2ce149
ds_074,civil,dan_su,ds,ds_74.md,clean_data/civil/ds_074_hieu_luc.md,Hiệu lực:,Nghị định 67/2015/NĐ-CP,https://vbpl.vn/TW/Pages/vbpq-toanvan.aspx?ItemID=75724,Hết hiệu lực toàn bộ,01/10/2015,01/09/2020,58351,809,fff4d50fa4d7
ds_075,civil,dan_su,ds,ds_75.md,clean_data/civil/ds_075_hieu_luc.md,Hiệu lực:,Nghị định 62/2015/NĐ-CP,https://vbpl.vn/TW/Pages/vbpq-toanvan.aspx?ItemID=72266,Hết hiệu lực một phần,01/09/2015,,127237,1279,e96d07ec39d9
ds_076,civil,dan_su,ds,ds_76.md,clean_data/civil/ds_076_hieu_luc.md,Hiệu lực:,Nghị định 214/2013/NĐ-CP,https://vbpl.vn/TW/Pages/vbpq-toanvan.aspx?ItemID=32874,Hết hiệu lực toàn bộ,10/02/2014,01/03/2021,3128,74,de4c54b1bb85
ds_077,civil,dan_su,ds,ds_77.md,clean_data/civil/ds_077_hieu_luc.md,Hiệu lực:,Nghị định 125/2013/NĐ-CP,https://vbpl.vn/TW/Pages/vbpq-toanvan.aspx?ItemID=32498,Hết hiệu lực toàn bộ,01/12/2013,01/09/2015,35127,342,75f4590581ec
ds_078,civil,dan_su,ds,ds_78.md,clean_data/civil/ds_078_hieu_luc.md,Hiệu lực:,Nghị định 110/2013/NĐ-CP,https://vbpl.vn/TW/Pages/vbpq-toanvan.aspx?ItemID=32442,Hết hiệu lực toàn bộ,11/11/2013,01/09/2020,112648,1975,7990d03308c6
ds_079,civil,dan_su,ds,ds_79.md,clean_data/civil/ds_079_hieu_luc.md,Hiệu lực:,Nghị định 85/2011/NĐ-CP,https://vbpl.vn/TW/Pages/vbpq-toanvan.aspx?ItemID=26735,Hết hiệu lực toàn bộ,10/11/2011,10/04/2018,17533,216,76191e75ef6e
ds_008,civil,dan_su,ds,ds_8.md,clean_data/civil/ds_008_hieu_luc.md,Hiệu lực:,Pháp lệnh 13/2004/PL-UBTVQH11,https://vbpl.vn/TW/Pages/vbpq-toanvan.aspx?ItemID=19408,Hết hiệu lực toàn bộ,01/07/2004,01/07/2009,69193,956,8ec1cad74657
ds_080,civil,dan_su,ds,ds_80.md,clean_data/civil/ds_080_hieu_luc.md,Hiệu lực:,Nghị định 74/2009/NĐ-CP,https://vbpl.vn/TW/Pages/vbpq-toanvan.aspx?ItemID=23667,Hết hiệu lực toàn bộ,01/11/2009,01/09/2015,70817,958,ee2ae6a19fcb
ds_081,civil,dan_su,ds,ds_81.md,clean_data/civil/ds_081_hieu_luc.md,Hiệu lực:,Nghị định 58/2009/NĐ-CP,https://vbpl.vn/TW/Pages/vbpq-toanvan.aspx?ItemID=11805,Hết hiệu lực toàn bộ,24/08/2009,01/09/2015,44582,498,99b15b0cda4c
ds_082,civil,dan_su,ds,ds_82.md,clean_data/civil/ds_082_hieu_luc.md,Hiệu lực:,Nghị định 117/2008/NĐ-CP,https://vbpl.vn/TW/Pages/vbpq-toanvan.aspx?ItemID=24620,Hết hiệu lực toàn bộ,11/12/2008,16/02/2019,43010,593,b080ac9cbb88
ds_083,civil,dan_su,ds,ds_83.md,clean_data/civil/ds_083_hieu_luc.md,Hiệu lực:,Nghị định 103/2008/NĐ-CP,https://vbpl.vn/TW/Pages/vbpq-toanvan.aspx?ItemID=12675,Hết hiệu lực toàn bộ,16/10/2008,01/03/2021,41598,594,04826ba9de71
ds_084,civil,dan_su,ds,ds_84.md,clean_data/civil/ds_084_hieu_luc.md,Hiệu lực:,Nghị định 138/2006/NĐ-CP,https://vbpl.vn/TW/Pages/vbpq-toanvan.aspx?ItemID=14957,Còn hiệu lực,13/12/2006,,13888,208,5f31b4a75645
ds_085,civil,dan_su,ds,ds_85.md,clean_data/civil/ds_085_hieu_luc.md,Hiệu lực:,Nghị định 100/2006/NĐ-CP,https://vbpl.vn/TW/Pages/vbpq-toanvan.aspx?ItemID=15289,Hết hiệu lực toàn bộ,17/10/2006,14/06/2008,45039,565,0a6e42873c0a
ds_086,civil,dan_su,ds,ds_86.md,clean_data/civil/ds_086_hieu_luc.md,Hiệu lực:,Nghị định 125/2005/NĐ-CP,https://vbpl.vn/TW/Pages/vbpq-toanvan.aspx?ItemID=17346,Còn hiệu lực,01/11/2005,,13451,226,4a95aab76991
ds_087,civil,dan_su,ds,ds_87.md,clean_data/civil/ds_087_hieu_luc.md,Hiệu lực:,Nghị định 50/2005/NĐ-CP,https://vbpl.vn/TW/Pages/vbpq-toanvan.aspx?ItemID=18435,Hết hiệu lực toàn bộ,03/05/2005,01/11/2009,44306,646,d454504fd64d
ds_088,civil,dan_su,ds,ds_88.md,clean_data/civil/ds_088_hieu_luc.md,Hiệu lực:,Nghị định 173/2004/NĐ-CP,https://vbpl.vn/TW/Pages/vbpq-toanvan.aspx?ItemID=19147,Hết hiệu lực toàn bộ,21/10/2004,20/03/2019,59645,668,0e6376437438
ds_089,civil,dan_su,ds,ds_89.md,clean_data/civil/ds_089_hieu_luc.md,Hiệu lực:,Nghị định 25/1999/NĐ-CP,https://vbpl.vn/TW/Pages/vbpq-toanvan.aspx?ItemID=7086,Còn hiệu lực,04/05/1999,,30148,532,ac019502ef53
ds_009,civil,dan_su,ds,ds_9.md,clean_data/civil/ds_009_hieu_luc.md,Hiệu lực:,Bộ luật 91/2015/QH13,https://vbpl.vn/TW/Pages/vbpq-toanvan.aspx?ItemID=95942,Còn hiệu lực,01/01/2017,,376804,6086,5f978b14bb4f
ds_090,civil,dan_su,ds,ds_90.md,clean_data/civil/ds_090_hieu_luc.md,Hiệu lực:,Nghị định 115/1997/NĐ-CP,https://vbpl.vn/TW/Pages/vbpq-toanvan.aspx?ItemID=8112,Hết hiệu lực toàn bộ,01/01/1998,16/10/2008,10905,165,4ea2b068fc5f
ds_091,civil,dan_su,ds,ds_91.md,clean_data/civil/ds_091_hieu_luc.md,Hiệu lực:,Nghị định 60/CP,https://vbpl.vn/TW/Pages/vbpq-toanvan.aspx?ItemID=8489,Hết hiệu lực toàn bộ,21/06/1997,13/12/2006,11720,181,57ade8865fed
ds_092,civil,dan_su,ds,ds_92.md,clean_data/civil/ds_092_hieu_luc.md,Hiệu lực:,Nghị định 76-CP,https://vbpl.vn/TW/Pages/vbpq-toanvan.aspx?ItemID=8893,Hết hiệu lực toàn bộ,29/11/1996,17/10/2006,25217,390,4f7299fb7f1e
ds_093,civil,dan_su,ds,ds_93.md,clean_data/civil/ds_093_hieu_luc.md,Hiệu lực:,Nghị định 69-CP,https://vbpl.vn/TW/Pages/vbpq-toanvan.aspx?ItemID=10648,Hết hiệu lực toàn bộ,18/10/1993,21/10/2004,25482,364,3de2bbb15d1b
ds_094,civil,dan_su,ds,ds_94.md,clean_data/civil/ds_094_hieu_luc.md,Hiệu lực:,Nghị định 30-CP,https://vbpl.vn/TW/Pages/vbpq-toanvan.aspx?ItemID=10697,Hết hiệu lực toàn bộ,02/06/1993,03/05/2005,17537,326,85b14ba8db90
ds_095,civil,dan_su,ds,ds_95.md,clean_data/civil/ds_095_hieu_luc.md,Hiệu lực:,Nghị định 30/HĐBT,https://vbpl.vn/TW/Pages/vbpq-toanvan.aspx?ItemID=2518,Còn hiệu lực,01/04/1988,,3134,65,f4f950d5a8f8
ds_096,civil,dan_su,ds,ds_96.md,clean_data/civil/ds_096_hieu_luc.md,Hiệu lực:,Quyết định 19/2023/QĐ-TTg,https://vbpl.vn/TW/Pages/vbpq-toanvan.aspx?ItemID=162257,Hết hiệu lực toàn bộ,20/09/2023,20/01/2026,5188,77,ad92c97ddc35
ds_097,civil,dan_su,ds,ds_97.md,clean_data/civil/ds_097_hieu_luc.md,Hiệu lực:,Quyết định 01/QĐ-TTg,https://vbpl.vn/TW/Pages/vbpq-toanvan.aspx?ItemID=46784,Còn hiệu lực,02/01/2015,,1592,51,451375dda8c7
ds_098,civil,dan_su,ds,ds_98.md,clean_data/civil/ds_098_hieu_luc.md,Hiệu lực:,Quyết định 61/2014/QĐ-TTg,https://vbpl.vn/TW/Pages/vbpq-toanvan.aspx?ItemID=37429,Hết hiệu lực toàn bộ,15/12/2014,20/01/2026,15390,210,21c9b298ebab
ds_099,civil,dan_su,ds,ds_99.md,clean_data/civil/ds_099_hieu_luc.md,Hiệu lực:,Quyết định 41/2012/QĐ-TTG,https://vbpl.vn/TW/Pages/vbpq-toanvan.aspx?ItemID=27803,Còn hiệu lực,01/01/2013,,4795,95,b296d0633a2f
gt_001,traffic,giao_thong,gt,gt_1.md,clean_data/traffic/gt_001_hieu_luc.md,Hiệu lực:,Luật 36/2024/QH15,https://vbpl.vn/TW/Pages/vbpq-toanvan.aspx?ItemID=170620,Còn hiệu lực,01/01/2025,,165749,2047,df094225bb7f
gt_010,traffic,giao_thong,gt,gt_10.md,clean_data/traffic/gt_010_hieu_luc.md,Hiệu lực:,Luật 48/2014/QH13,https://vbpl.vn/TW/Pages/vbpq-toanvan.aspx?ItemID=36824,Hết hiệu lực toàn bộ,01/01/2015,,28159,447,b0ca6bf21e2b
gt_100,traffic,giao_thong,gt,gt_100.md,clean_data/traffic/gt_100_hieu_luc.md,Hiệu lực:,Quyết định 548/2009/QĐ-TTg,https://vbpl.vn/TW/Pages/vbpq-toanvan.aspx?ItemID=25258,Còn hiệu lực,29/04/2009,,5375,99,b10c4ce8fe7d
gt_011,traffic,giao_thong,gt,gt_11.md,clean_data/traffic/gt_011_hieu_luc.md,Hiệu lực:,Nghị quyết 13/HĐBT,https://vbpl.vn/TW/Pages/vbpq-toanvan.aspx?ItemID=3700,Còn hiệu lực,03/02/1982,,15905,182,112acc96a38a
gt_012,traffic,giao_thong,gt,gt_12.md,clean_data/traffic/gt_012_hieu_luc.md,Hiệu lực:,Nghị định 80/2026/NĐ-CP,https://vbpl.vn/TW/Pages/vbpq-toanvan.aspx?ItemID=187505,Chưa có hiệu lực,15/05/2026,,105566,1609,d6102c1617f0
gt_013,traffic,giao_thong,gt,gt_13.md,clean_data/traffic/gt_013_hieu_luc.md,Hiệu lực:,Nghị định 17/2026/NĐ-CP,https://vbpl.vn/TW/Pages/vbpq-toanvan.aspx?ItemID=186426,Còn hiệu lực,01/03/2026,,18027,307,028d451d6708
gt_014,traffic,giao_thong,gt,gt_14.md,clean_data/traffic/gt_014_hieu_luc.md,Hiệu lực:,Nghị định 279/2025/NĐ-CP,https://vbpl.vn/TW/Pages/vbpq-toanvan.aspx?ItemID=186855,Còn hiệu lực,15/12/2025,,12022,200,2389d0598eb2
gt_015,traffic,giao_thong,gt,gt_15.md,clean_data/traffic/gt_015_hieu_luc.md,Hiệu lực:,Nghị định 176/2024/NĐ-CP,https://vbpl.vn/TW/Pages/vbpq-toanvan.aspx?ItemID=174970,Còn hiệu lực,01/01/2025,,12342,197,1a79aa76c56c
gt_016,traffic,giao_thong,gt,gt_16.md,clean_data/traffic/gt_016_hieu_luc.md,Hiệu lực:,Nghị định 168/2024/NĐ-CP,https://vbpl.vn/TW/Pages/vbpq-toanvan.aspx?ItemID=173920,Còn hiệu lực,01/01/2025,,256716,2757,1c2bb4992136
gt_017,traffic,giao_thong,gt,gt_17.md,clean_data/traffic/gt_017_hieu_luc.md,Hiệu lực:,Nghị định 165/2024/NĐ-CP,https://vbpl.vn/TW/Pages/vbpq-toanvan.aspx?ItemID=173895,Còn hiệu lực,01/01/2025,,172781,1877,152f4ae8ce15
gt_018,traffic,giao_thong,gt,gt_18.md,clean_data/traffic/gt_018_hieu_luc.md,Hiệu lực:,Nghị định 151/2024/NĐ-CP,https://vbpl.vn/TW/Pages/vbpq-toanvan.aspx?ItemID=174961,Còn hiệu lực,01/01/2025,,74133,828,6a0d30cc9b02
gt_019,traffic,giao_thong,gt,gt_19.md,clean_data/traffic/gt_019_hieu_luc.md,Hiệu lực:,Nghị định 63/2024/NĐ-CP,https://vbpl.vn/TW/Pages/vbpq-toanvan.aspx?ItemID=177109,Còn hiệu lực,01/01/2025,,41019,396,ea2020a092a2
gt_002,traffic,giao_thong,gt,gt_2.md,clean_data/traffic/gt_002_hieu_luc.md,Hiệu lực:,Lệnh 07/2001/L-CTN,https://vbpl.vn/TW/Pages/vbpq-toanvan.aspx?ItemID=23115,Còn hiệu lực,12/07/2001,,1202,47,aa2e8831d199
gt_020,traffic,giao_thong,gt,gt_20.md,clean_data/traffic/gt_020_hieu_luc.md,Hiệu lực:,Luật 23/2008/QH12,https://vbpl.vn/TW/Pages/vbpq-toanvan.aspx?ItemID=12333,Hết hiệu lực toàn bộ,01/07/2009,,96155,1541,065b348eccf3
gt_021,traffic,giao_thong,gt,gt_21.md,clean_data/traffic/gt_021_hieu_luc.md,Hiệu lực:,Nghị định 119/2024/NĐ-CP,https://vbpl.vn/TW/Pages/vbpq-toanvan.aspx?ItemID=172771,Còn hiệu lực,01/10/2024,,57616,664,e5aea3d56799
gt_022,traffic,giao_thong,gt,gt_22.md,clean_data/traffic/gt_022_hieu_luc.md,Hiệu lực:,Nghị định 34/2024/NĐ-CP,https://vbpl.vn/TW/Pages/vbpq-toanvan.aspx?ItemID=166653,Hết hiệu lực một phần,15/05/2024,,50980,622,7577906f618c
gt_023,traffic,giao_thong,gt,gt_23.md,clean_data/traffic/gt_023_hieu_luc.md,Hiệu lực:,Nghị định 30/2024/NĐ-CP,https://vbpl.vn/TW/Pages/vbpq-toanvan.aspx?ItemID=167281,Hết hiệu lực toàn bộ,01/05/2024,,17958,240,d142ce17cf17
gt_024,traffic,giao_thong,gt,gt_24.md,clean_data/traffic/gt_024_hieu_luc.md,Hiệu lực:,Nghị định 01/2024/NĐ-CP,https://vbpl.vn/TW/Pages/vbpq-toanvan.aspx?ItemID=166650,Hết hiệu lực toàn bộ,01/01/2024,01/01/2025,7049,61,8f40174496d0
gt_025,traffic,giao_thong,gt,gt_25.md,clean_data/traffic/gt_025_hieu_luc.md,Hiệu lực:,Nghị định 15/2023/NĐ-CP,https://vbpl.vn/TW/Pages/vbpq-toanvan.aspx?ItemID=166414,Còn hiệu lực,25/04/2023,,29530,557,bb337a9cb1b4
gt_026,traffic,giao_thong,gt,gt_26.md,clean_data/traffic/gt_026_hieu_luc.md,Hiệu lực:,Nghị định 56/2022/NĐ-CP,https://vbpl.vn/TW/Pages/vbpq-toanvan.aspx?ItemID=156175,Hết hiệu lực toàn bộ,01/10/2022,01/03/2025,21113,248,6dd44e3c4c38
gt_027,traffic,giao_thong,gt,gt_27.md,clean_data/traffic/gt_027_hieu_luc.md,Hiệu lực:,Nghị định 139/2021/NĐ-CP,https://vbpl.vn/TW/Pages/vbpq-toanvan.aspx?ItemID=153266,Còn hiệu lực,01/01/2022,,126557,1759,43ffc104fd2b
gt_028,traffic,giao_thong,gt,gt_28.md,clean_data/traffic/gt_028_hieu_luc.md,Hiệu lực:,Nghị định 123/2021/NĐ-CP,https://vbpl.vn/TW/Pages/vbpq-toanvan.aspx?ItemID=153339,Hết hiệu lực một phần,01/01/2022,,197128,2746,99047d84e301
gt_029,traffic,giao_thong,gt,gt_29.md,clean_data/traffic/gt_029_hieu_luc.md,Hiệu lực:,Nghị định 117/2021/NĐ-CP,https://vbpl.vn/TW/Pages/vbpq-toanvan.aspx?ItemID=152456,Hết hiệu lực toàn bộ,15/02/2022,01/01/2025,7151,104,1ca54d936057
gt_003,traffic,giao_thong,gt,gt_3.md,clean_data/traffic/gt_003_hieu_luc.md,Hiệu lực:,Quyết định 238/2006/QĐ-TTg,https://vbpl.vn/TW/Pages/vbpq-toanvan.aspx?ItemID=15083,Hết hiệu lực toàn bộ,18/11/2006,12/12/2022,1804,53,01f577413935
gt_030,traffic,giao_thong,gt,gt_30.md,clean_data/traffic/gt_030_hieu_luc.md,Hiệu lực:,Nghị định 42/2020/NĐ-CP,https://vbpl.vn/TW/Pages/vbpq-toanvan.aspx?ItemID=141948,Hết hiệu lực toàn bộ,01/06/2020,15/05/2024,45128,587,5e9852b84352
gt_031,traffic,giao_thong,gt,gt_31.md,clean_data/traffic/gt_031_hieu_luc.md,Hiệu lực:,Nghị định 100/2019/NĐ-CP,https://vbpl.vn/TW/Pages/vbpq-toanvan.aspx?ItemID=140152,Hết hiệu lực một phần,01/01/2020,,322810,3897,ee239c06f4e6
gt_032,traffic,giao_thong,gt,gt_32.md,clean_data/traffic/gt_032_hieu_luc.md,Hiệu lực:,Nghị định 56/2019/NĐ-CP,https://vbpl.vn/TW/Pages/vbpq-toanvan.aspx?ItemID=135889,Còn hiệu lực,24/06/2019,,23072,455,c57da8f479b3
gt_033,traffic,giao_thong,gt,gt_33.md,clean_data/traffic/gt_033_hieu_luc.md,Hiệu lực:,Nghị định 125/2018/NĐ-CP,https://vbpl.vn/TW/Pages/vbpq-toanvan.aspx?ItemID=131600,Hết hiệu lực toàn bộ,19/09/2018,01/01/2025,7017,117,907f89338b41
gt_034,traffic,giao_thong,gt,gt_34.md,clean_data/traffic/gt_034_hieu_luc.md,Hiệu lực:,Nghị định 45/2018/NĐ-CP,https://vbpl.vn/TW/Pages/vbpq-toanvan.aspx?ItemID=128858,Hết hiệu lực toàn bộ,13/03/2018,20/02/2025,22430,8036,a32f55344fc8
gt_035,traffic,giao_thong,gt,gt_35.md,clean_data/traffic/gt_035_hieu_luc.md,Hiệu lực:,Nghị định 16/2018/NĐ-CP,https://vbpl.vn/TW/Pages/vbpq-toanvan.aspx?ItemID=128322,Còn hiệu lực,01/04/2018,,20241,261,0d834075df2a
gt_036,traffic,giao_thong,gt,gt_36.md,clean_data/traffic/gt_036_hieu_luc.md,Hiệu lực:,Nghị định 64/2016/NĐ-CP,https://vbpl.vn/TW/Pages/vbpq-toanvan.aspx?ItemID=111319,Hết hiệu lực toàn bộ,01/07/2016,01/01/2025,17415,279,a66926e2bd53
gt_037,traffic,giao_thong,gt,gt_37.md,clean_data/traffic/gt_037_hieu_luc.md,Hiệu lực:,Nghị định 46/2016/NĐ-CP,https://vbpl.vn/TW/Pages/vbpq-toanvan.aspx?ItemID=105829,Hết hiệu lực toàn bộ,01/08/2016,01/01/2020,240643,3119,b78a0e2d8524
gt_038,traffic,giao_thong,gt,gt_38.md,clean_data/traffic/gt_038_hieu_luc.md,Hiệu lực:,Nghị định 132/2015/NĐ-CP,https://vbpl.vn/TW/Pages/vbpq-toanvan.aspx?ItemID=95567,Hết hiệu lực toàn bộ,01/07/2016,01/01/2022,105794,1457,06bd3f6a2625
gt_039,traffic,giao_thong,gt,gt_39.md,clean_data/traffic/gt_039_hieu_luc.md,Hiệu lực:,Nghị định 24/2015/NĐ-CP,https://vbpl.vn/TW/Pages/vbpq-toanvan.aspx?ItemID=52566,Hết hiệu lực một phần,01/05/2015,,19923,237,1be2fb0c31ee
gt_004,traffic,giao_thong,gt,gt_4.md,clean_data/traffic/gt_004_hieu_luc.md,Hiệu lực:,Lệnh 38-L/CTN,https://vbpl.vn/TW/Pages/vbpq-toanvan.aspx?ItemID=6607,Còn hiệu lực,02/12/1994,,1604,51,aa46453afe26
gt_040,traffic,giao_thong,gt,gt_40.md,clean_data/traffic/gt_040_hieu_luc.md,Hiệu lực:,Nghị định 107/2014/NĐ-CP,https://vbpl.vn/TW/Pages/vbpq-toanvan.aspx?ItemID=37918,Hết hiệu lực toàn bộ,01/01/2015,01/08/2016,24226,277,2b9300067886
gt_041,traffic,giao_thong,gt,gt_41.md,clean_data/traffic/gt_041_hieu_luc.md,Hiệu lực:,Luật 23/2004/QH11,https://vbpl.vn/TW/Pages/vbpq-toanvan.aspx?ItemID=19476,Hết hiệu lực toàn bộ,01/01/2005,,93876,1389,577636e1d554
gt_042,traffic,giao_thong,gt,gt_42.md,clean_data/traffic/gt_042_hieu_luc.md,Hiệu lực:,Nghị định 171/2013/NĐ-CP,https://vbpl.vn/TW/Pages/vbpq-toanvan.aspx?ItemID=32588,Hết hiệu lực toàn bộ,01/01/2014,01/08/2016,188398,2683,c54b0e0ab018
gt_043,traffic,giao_thong,gt,gt_43.md,clean_data/traffic/gt_043_hieu_luc.md,Hiệu lực:,Nghị định 165/2013/NĐ-CP,https://vbpl.vn/TW/Pages/vbpq-toanvan.aspx?ItemID=32601,Còn hiệu lực,28/12/2013,,14428,212,0c0f270b233e
gt_044,traffic,giao_thong,gt,gt_44.md,clean_data/traffic/gt_044_hieu_luc.md,Hiệu lực:,Nghị định 146/2013/NĐ-CP,https://vbpl.vn/TW/Pages/vbpq-toanvan.aspx?ItemID=32543,Hết hiệu lực toàn bộ,01/01/2014,01/04/2018,21905,322,524804602b70
gt_045,traffic,giao_thong,gt,gt_45.md,clean_data/traffic/gt_045_hieu_luc.md,Hiệu lực:,Nghị định 100/2013/NĐ-CP,https://vbpl.vn/TW/Pages/vbpq-toanvan.aspx?ItemID=32074,Hết hiệu lực toàn bộ,20/10/2013,01/01/2025,12232,187,dc3911ec8bd2
gt_046,traffic,giao_thong,gt,gt_46.md,clean_data/traffic/gt_046_hieu_luc.md,Hiệu lực:,Nghị định 93/2013/NĐ-CP,https://vbpl.vn/TW/Pages/vbpq-toanvan.aspx?ItemID=31731,Hết hiệu lực toàn bộ,15/10/2013,01/02/2018,147975,2395,2035fe9ab055
gt_047,traffic,giao_thong,gt,gt_47.md,clean_data/traffic/gt_047_hieu_luc.md,Hiệu lực:,Nghị định 57/2013/NĐ-CP,https://vbpl.vn/TW/Pages/vbpq-toanvan.aspx?ItemID=30513,Hết hiệu lực toàn bộ,28/09/2013,01/03/2024,41246,548,29bb4287699b
gt_048,traffic,giao_thong,gt,gt_48.md,clean_data/traffic/gt_048_hieu_luc.md,Hiệu lực:,Nghị định 10/2013/NĐ-CP,https://vbpl.vn/TW/Pages/vbpq-toanvan.aspx?ItemID=28047,Hết hiệu lực một phần,01/03/2013,,67821,1019,023d00797fb1
gt_049,traffic,giao_thong,gt,gt_49.md,clean_data/traffic/gt_049_hieu_luc.md,Hiệu lực:,Nghị định 107/2012/NĐ-CP,https://vbpl.vn/TW/Pages/vbpq-toanvan.aspx?ItemID=30333,Hết hiệu lực toàn bộ,15/02/2013,26/03/2017,17724,252,35e1d999eafd
gt_005,traffic,giao_thong,gt,gt_5.md,clean_data/traffic/gt_005_hieu_luc.md,Hiệu lực:,Nghị quyết 88/NQ-CP,https://vbpl.vn/TW/Pages/vbpq-toanvan.aspx?ItemID=66088,Hết hiệu lực toàn bộ,24/08/2011,19/02/2019,27905,236,8723c0a94837
gt_050,traffic,giao_thong,gt,gt_50.md,clean_data/traffic/gt_050_hieu_luc.md,Hiệu lực:,Nghị định 71/2012/NĐ-CP,https://vbpl.vn/TW/Pages/vbpq-toanvan.aspx?ItemID=27795,Hết hiệu lực toàn bộ,10/11/2012,01/01/2014,71158,1000,92e5a69192e1
gt_051,traffic,giao_thong,gt,gt_51.md,clean_data/traffic/gt_051_hieu_luc.md,Hiệu lực:,Nghị định 60/2011/NĐ-CP,https://vbpl.vn/TW/Pages/vbpq-toanvan.aspx?ItemID=26689,Hết hiệu lực toàn bộ,15/09/2011,15/10/2013,99642,1445,ad4e3a097ffd
gt_052,traffic,giao_thong,gt,gt_52.md,clean_data/traffic/gt_052_hieu_luc.md,Hiệu lực:,Nghị định 33/2011/NĐ-CP,https://vbpl.vn/TW/Pages/vbpq-toanvan.aspx?ItemID=26448,Hết hiệu lực toàn bộ,30/06/2011,10/11/2012,3825,82,5ba2f0a5cd4f
gt_053,traffic,giao_thong,gt,gt_53.md,clean_data/traffic/gt_053_hieu_luc.md,Hiệu lực:,Nghị định 34/2010/NĐ-CP,https://vbpl.vn/TW/Pages/vbpq-toanvan.aspx?ItemID=25165,Hết hiệu lực toàn bộ,20/05/2010,01/01/2014,123922,1859,d1871206c0a5
gt_054,traffic,giao_thong,gt,gt_54.md,clean_data/traffic/gt_054_hieu_luc.md,Hiệu lực:,Nghị định 27/2010/NĐ-CP,https://vbpl.vn/TW/Pages/vbpq-toanvan.aspx?ItemID=25068,Hết hiệu lực toàn bộ,01/06/2010,30/12/2025,11358,154,8f150d80b252
gt_055,traffic,giao_thong,gt,gt_55.md,clean_data/traffic/gt_055_hieu_luc.md,Hiệu lực:,Nghị định 11/2010/NĐ-CP,https://vbpl.vn/TW/Pages/vbpq-toanvan.aspx?ItemID=24966,Hết hiệu lực toàn bộ,15/04/2010,01/01/2025,48873,724,90af409592ff
gt_056,traffic,giao_thong,gt,gt_56.md,clean_data/traffic/gt_056_hieu_luc.md,Hiệu lực:,Nghị định 104/2009/NĐ-CP,https://vbpl.vn/TW/Pages/vbpq-toanvan.aspx?ItemID=23822,Hết hiệu lực toàn bộ,31/12/2009,,17633,350,4fa7a64be876
gt_057,traffic,giao_thong,gt,gt_57.md,clean_data/traffic/gt_057_hieu_luc.md,Hiệu lực:,Nghị định 80/2009/NĐ-CP,https://vbpl.vn/TW/Pages/vbpq-toanvan.aspx?ItemID=23749,Hết hiệu lực toàn bộ,15/11/2009,,8362,156,a145f58349e5
gt_058,traffic,giao_thong,gt,gt_58.md,clean_data/traffic/gt_058_hieu_luc.md,Hiệu lực:,Nghị định 67/2008/NĐ-CP,https://vbpl.vn/TW/Pages/vbpq-toanvan.aspx?ItemID=24586,Hết hiệu lực toàn bộ,22/06/2008,20/05/2010,3223,80,a80bfede4230
gt_059,traffic,giao_thong,gt,gt_59.md,clean_data/traffic/gt_059_hieu_luc.md,Hiệu lực:,Nghị định 51/2008/NĐ-CP,https://vbpl.vn/TW/Pages/vbpq-toanvan.aspx?ItemID=12713,Hết hiệu lực toàn bộ,30/05/2008,15/02/2013,15913,224,2e41f25304bf
gt_006,traffic,giao_thong,gt,gt_6.md,clean_data/traffic/gt_006_hieu_luc.md,Hiệu lực:,Nghị quyết 16/2008/NQ-CP,https://vbpl.vn/TW/Pages/vbpq-toanvan.aspx?ItemID=25493,Còn hiệu lực,29/08/2008,,10264,110,227336f11ddf
gt_060,traffic,giao_thong,gt,gt_60.md,clean_data/traffic/gt_060_hieu_luc.md,Hiệu lực:,Nghị định 156/2007/NĐ-CP,https://vbpl.vn/TW/Pages/vbpq-toanvan.aspx?ItemID=13183,Hết hiệu lực toàn bộ,15/11/2007,01/01/2014,6530,119,be42ab77974f
gt_061,traffic,giao_thong,gt,gt_61.md,clean_data/traffic/gt_061_hieu_luc.md,Hiệu lực:,Luật 26/2001/QH10,https://vbpl.vn/TW/Pages/vbpq-toanvan.aspx?ItemID=23289,Hết hiệu lực toàn bộ,01/01/2002,01/07/2009,63360,1188,fded69598763
gt_062,traffic,giao_thong,gt,gt_62.md,clean_data/traffic/gt_062_hieu_luc.md,Hiệu lực:,Nghị định 146/2007/NĐ-CP,https://vbpl.vn/TW/Pages/vbpq-toanvan.aspx?ItemID=13421,Hết hiệu lực toàn bộ,02/10/2007,20/05/2010,102921,1635,aae78d8bce00
gt_063,traffic,giao_thong,gt,gt_63.md,clean_data/traffic/gt_063_hieu_luc.md,Hiệu lực:,Nghị định 44/2006/NĐ-CP,https://vbpl.vn/TW/Pages/vbpq-toanvan.aspx?ItemID=16231,Hết hiệu lực toàn bộ,21/05/2006,15/09/2011,56213,1036,e5eb6cca9354
gt_064,traffic,giao_thong,gt,gt_64.md,clean_data/traffic/gt_064_hieu_luc.md,Hiệu lực:,Nghị định 152/2005/NĐ-CP,https://vbpl.vn/TW/Pages/vbpq-toanvan.aspx?ItemID=16905,Hết hiệu lực toàn bộ,09/01/2006,02/10/2007,89158,1516,2c63ebbb4a30
gt_065,traffic,giao_thong,gt,gt_65.md,clean_data/traffic/gt_065_hieu_luc.md,Hiệu lực:,Nghị định 40/CP,https://vbpl.vn/TW/Pages/vbpq-toanvan.aspx?ItemID=9158,Hết hiệu lực toàn bộ,01/09/1996,01/01/2005,79516,1448,ca44fedd6c44
gt_066,traffic,giao_thong,gt,gt_66.md,clean_data/traffic/gt_066_hieu_luc.md,Hiệu lực:,Nghị định 39/CP,https://vbpl.vn/TW/Pages/vbpq-toanvan.aspx?ItemID=9159,Hết hiệu lực toàn bộ,01/09/1996,27/10/2006,45478,770,305e488fa968
gt_067,traffic,giao_thong,gt,gt_67.md,clean_data/traffic/gt_067_hieu_luc.md,Hiệu lực:,Nghị định 49/CP,https://vbpl.vn/TW/Pages/vbpq-toanvan.aspx?ItemID=9725,Hết hiệu lực toàn bộ,01/08/1995,28/07/2001,39305,874,a6c119d5242c
gt_068,traffic,giao_thong,gt,gt_68.md,clean_data/traffic/gt_068_hieu_luc.md,Hiệu lực:,Nghị định 49-CP,https://vbpl.vn/TW/Pages/vbpq-toanvan.aspx?ItemID=30819,Hết hiệu lực toàn bộ,01/08/1995,28/07/2001,39327,814,5020dcfb28bc
gt_069,traffic,giao_thong,gt,gt_69.md,clean_data/traffic/gt_069_hieu_luc.md,Hiệu lực:,Nghị định 36/CP,https://vbpl.vn/TW/Pages/vbpq-toanvan.aspx?ItemID=9899,Hết hiệu lực toàn bộ,01/08/1995,25/07/2001,57569,1000,e7f63432f059
gt_007,traffic,giao_thong,gt,gt_7.md,clean_data/traffic/gt_007_hieu_luc.md,Hiệu lực:,Nghị quyết 32/2007/NQ-CP,https://vbpl.vn/TW/Pages/vbpq-toanvan.aspx?ItemID=13940,Còn hiệu lực,01/08/2007,,19362,161,f999dee044cb
gt_070,traffic,giao_thong,gt,gt_70.md,clean_data/traffic/gt_070_hieu_luc.md,Hiệu lực:,Nghị định 120-CP,https://vbpl.vn/TW/Pages/vbpq-toanvan.aspx?ItemID=1298,Ngưng hiệu lực,27/08/1963,,11147,144,ad6de5ab612e
gt_071,traffic,giao_thong,gt,gt_71.md,clean_data/traffic/gt_071_hieu_luc.md,Hiệu lực:,Quyết định 57/2011/QĐ-TTg,https://vbpl.vn/TW/Pages/vbpq-toanvan.aspx?ItemID=27000,Hết hiệu lực toàn bộ,18/10/2011,10/08/2017,15381,227,6ffa399d7144
gt_072,traffic,giao_thong,gt,gt_72.md,clean_data/traffic/gt_072_hieu_luc.md,Hiệu lực:,Pháp lệnh Không số,https://vbpl.vn/TW/Pages/vbpq-toanvan.aspx?ItemID=10225,Còn hiệu lực,02/12/1994,,21468,370,72e45eb12fb8
gt_073,traffic,giao_thong,gt,gt_73.md,clean_data/traffic/gt_073_hieu_luc.md,Hiệu lực:,Quyết định 35/2010/QĐ-TTg,https://vbpl.vn/TW/Pages/vbpq-toanvan.aspx?ItemID=25154,Hết hiệu lực toàn bộ,25/05/2010,18/10/2011,13166,210,9565ffa39b5e
gt_074,traffic,giao_thong,gt,gt_74.md,clean_data/traffic/gt_074_hieu_luc.md,Hiệu lực:,Quyết định 34/2008/QĐ-BTC,https://vbpl.vn/TW/Pages/vbpq-toanvan.aspx?ItemID=24185,Hết hiệu lực toàn bộ,07/05/2008,01/01/2017,4295,63,db30e381f3d8
gt_075,traffic,giao_thong,gt,gt_75.md,clean_data/traffic/gt_075_hieu_luc.md,Hiệu lực:,Quyết định 259/QĐ-TTg,https://vbpl.vn/TW/Pages/vbpq-toanvan.aspx?ItemID=12760,Còn hiệu lực,04/03/2008,,9685,180,59cea3549e9c
gt_076,traffic,giao_thong,gt,gt_76.md,clean_data/traffic/gt_076_hieu_luc.md,Hiệu lực:,Quyết định 01/2008/QĐ-BGTVT,https://vbpl.vn/TW/Pages/vbpq-toanvan.aspx?ItemID=12858,Còn hiệu lực,24/02/2008,,1900,51,f681f2e76c13
gt_077,traffic,giao_thong,gt,gt_77.md,clean_data/traffic/gt_077_hieu_luc.md,Hiệu lực:,Quyết định 30/2007/QĐ-BGTVT,https://vbpl.vn/TW/Pages/vbpq-toanvan.aspx?ItemID=13877,Còn hiệu lực,08/08/2007,,8176,169,7bffc7392eb9
gt_078,traffic,giao_thong,gt,gt_78.md,clean_data/traffic/gt_078_hieu_luc.md,Hiệu lực:,Quyết định 23/2007/QĐ-BGTVT,https://vbpl.vn/TW/Pages/vbpq-toanvan.aspx?ItemID=13799,Hết hiệu lực toàn bộ,12/06/2007,02/07/2011,3344,57,9428f71ec697
gt_079,traffic,giao_thong,gt,gt_79.md,clean_data/traffic/gt_079_hieu_luc.md,Hiệu lực:,Nghị định 21/2005/NĐ-CP,https://vbpl.vn/TW/Pages/vbpq-toanvan.aspx?ItemID=18487,Hết hiệu lực toàn bộ,19/03/2005,01/05/2015,11728,175,a96e389aa02c
gt_008,traffic,giao_thong,gt,gt_8.md,clean_data/traffic/gt_008_hieu_luc.md,Hiệu lực:,Nghị quyết 414/2003/NQ-UBTVQH11,https://vbpl.vn/TW/Pages/vbpq-toanvan.aspx?ItemID=19385,Còn hiệu lực,29/08/2003,,4138,61,199b47ba5ed5
gt_080,traffic,giao_thong,gt,gt_80.md,clean_data/traffic/gt_080_hieu_luc.md,Hiệu lực:,Nghị định 09/2005/NĐ-CP,https://vbpl.vn/TW/Pages/vbpq-toanvan.aspx?ItemID=18507,Hết hiệu lực toàn bộ,24/02/2005,15/09/2011,69006,1091,bfcf6ad7a059
gt_081,traffic,giao_thong,gt,gt_81.md,clean_data/traffic/gt_081_hieu_luc.md,Hiệu lực:,Nghị định 186/2004/NĐ-CP,https://vbpl.vn/TW/Pages/vbpq-toanvan.aspx?ItemID=18804,Hết hiệu lực toàn bộ,30/11/2004,15/04/2010,37525,580,3e48a197c5f8
gt_082,traffic,giao_thong,gt,gt_82.md,clean_data/traffic/gt_082_hieu_luc.md,Hiệu lực:,Nghị định 136/2004/NĐ-CP,https://vbpl.vn/TW/Pages/vbpq-toanvan.aspx?ItemID=19677,Hết hiệu lực toàn bộ,12/07/2004,28/09/2013,19133,326,b07470ddf987
gt_083,traffic,giao_thong,gt,gt_83.md,clean_data/traffic/gt_083_hieu_luc.md,Hiệu lực:,Nghị định 34/2003/NĐ-CP,https://vbpl.vn/TW/Pages/vbpq-toanvan.aspx?ItemID=21605,Hết hiệu lực toàn bộ,16/05/2003,30/05/2008,11810,193,5c67ed43ff8f
gt_084,traffic,giao_thong,gt,gt_84.md,clean_data/traffic/gt_084_hieu_luc.md,Hiệu lực:,Nghị định 14/2003/NĐ-CP,https://vbpl.vn/TW/Pages/vbpq-toanvan.aspx?ItemID=21769,Hết hiệu lực toàn bộ,05/04/2003,01/07/2009,21123,330,0b99a8f44aa6
gt_085,traffic,giao_thong,gt,gt_85.md,clean_data/traffic/gt_085_hieu_luc.md,Hiệu lực:,Nghị định 15/2003/NĐ-CP,https://vbpl.vn/TW/Pages/vbpq-toanvan.aspx?ItemID=21767,Hết hiệu lực toàn bộ,04/04/2003,09/01/2006,75899,1340,2527fa09345a
gt_086,traffic,giao_thong,gt,gt_86.md,clean_data/traffic/gt_086_hieu_luc.md,Hiệu lực:,Nghị định 91/2001/NĐ-CP,https://vbpl.vn/TW/Pages/vbpq-toanvan.aspx?ItemID=22863,Hết hiệu lực toàn bộ,10/01/2002,19/03/2005,10916,214,f5c3b0c3e28e
gt_087,traffic,giao_thong,gt,gt_87.md,clean_data/traffic/gt_087_hieu_luc.md,Hiệu lực:,Nghị định 39/2001/NĐ-CP,https://vbpl.vn/TW/Pages/vbpq-toanvan.aspx?ItemID=5549,Hết hiệu lực toàn bộ,28/07/2001,04/04/2003,45735,874,310c56c1a6b8
gt_088,traffic,giao_thong,gt,gt_88.md,clean_data/traffic/gt_088_hieu_luc.md,Hiệu lực:,Nghị định 36/2001/NĐ-CP,https://vbpl.vn/TW/Pages/vbpq-toanvan.aspx?ItemID=23004,Hết hiệu lực toàn bộ,25/07/2001,05/04/2003,60357,998,3277724b1867
gt_089,traffic,giao_thong,gt,gt_89.md,clean_data/traffic/gt_089_hieu_luc.md,Hiệu lực:,Nghị định 166/2024/NĐ-CP,https://vbpl.vn/TW/Pages/vbpq-toanvan.aspx?ItemID=173910,Còn hiệu lực,01/01/2025,,44023,587,dd4105e424e4
gt_009,traffic,giao_thong,gt,gt_9.md,clean_data/traffic/gt_009_hieu_luc.md,Hiệu lực:,Nghị quyết 13/2002/NQ-CP,https://vbpl.vn/TW/Pages/vbpq-toanvan.aspx?ItemID=21868,Hết hiệu lực toàn bộ,19/11/2002,27/10/2006,9189,73,25826bc35eab
gt_090,traffic,giao_thong,gt,gt_90.md,clean_data/traffic/gt_090_hieu_luc.md,Hiệu lực:,Nghị định 121/2024/NĐ-CP,https://vbpl.vn/TW/Pages/vbpq-toanvan.aspx?ItemID=172770,Hết hiệu lực toàn bộ,05/10/2024,01/01/2025,6676,84,a61d34523bb5
gt_091,traffic,giao_thong,gt,gt_91.md,clean_data/traffic/gt_091_hieu_luc.md,Hiệu lực:,Nghị định 30/2023/NĐ-CP,https://vbpl.vn/TW/Pages/vbpq-toanvan.aspx?ItemID=164963,Hết hiệu lực toàn bộ,08/06/2023,01/01/2025,33586,434,b00b25af6007
gt_092,traffic,giao_thong,gt,gt_92.md,clean_data/traffic/gt_092_hieu_luc.md,Hiệu lực:,Nghị định 139/2018/NĐ-CP,https://vbpl.vn/TW/Pages/vbpq-toanvan.aspx?ItemID=132391,Hết hiệu lực toàn bộ,01/01/2019,01/01/2025,32371,453,9bf36eedb74a
gt_093,traffic,giao_thong,gt,gt_93.md,clean_data/traffic/gt_093_hieu_luc.md,Hiệu lực:,Nghị định 63/2016/NĐ-CP,https://vbpl.vn/TW/Pages/vbpq-toanvan.aspx?ItemID=111124,Hết hiệu lực toàn bộ,01/07/2016,,32711,503,e60725264a2d
gt_094,traffic,giao_thong,gt,gt_94.md,clean_data/traffic/gt_094_hieu_luc.md,Hiệu lực:,Nghị định 214/2013/NĐ-CP,https://vbpl.vn/TW/Pages/vbpq-toanvan.aspx?ItemID=32874,Hết hiệu lực toàn bộ,10/02/2014,01/03/2021,3128,74,de4c54b1bb85
gt_095,traffic,giao_thong,gt,gt_95.md,clean_data/traffic/gt_095_hieu_luc.md,Hiệu lực:,Nghị định 103/2008/NĐ-CP,https://vbpl.vn/TW/Pages/vbpq-toanvan.aspx?ItemID=12675,Hết hiệu lực toàn bộ,16/10/2008,01/03/2021,41598,594,04826ba9de71
gt_096,traffic,giao_thong,gt,gt_96.md,clean_data/traffic/gt_096_hieu_luc.md,Hiệu lực:,Nghị định 115/1997/NĐ-CP,https://vbpl.vn/TW/Pages/vbpq-toanvan.aspx?ItemID=8112,Hết hiệu lực toàn bộ,01/01/1998,16/10/2008,10905,165,4ea2b068fc5f
gt_097,traffic,giao_thong,gt,gt_97.md,clean_data/traffic/gt_097_hieu_luc.md,Hiệu lực:,Nghị định 30/HĐBT,https://vbpl.vn/TW/Pages/vbpq-toanvan.aspx?ItemID=2518,Còn hiệu lực,01/04/1988,,3134,65,f4f950d5a8f8
gt_098,traffic,giao_thong,gt,gt_98.md,clean_data/traffic/gt_098_hieu_luc.md,Hiệu lực:,Quyết định 19/2024/QĐ-TTg,https://vbpl.vn/TW/Pages/vbpq-toanvan.aspx?ItemID=172481,Còn hiệu lực,01/01/2025,,10529,156,c12bbe85e173
gt_099,traffic,giao_thong,gt,gt_99.md,clean_data/traffic/gt_099_hieu_luc.md,Hiệu lực:,Quyết định 37/2009/QĐ-UBND,https://vbpl.vn/TW/Pages/vbpq-toanvan.aspx?ItemID=24811,Còn hiệu lực,01/01/2010,,2367,51,cc35c6d81008
ld_001,labor,lao_dong,ld,ld_1.md,clean_data/labor/ld_001_hieu_luc.md,Hiệu lực:,Luật 74/2006/QH11,https://vbpl.vn/TW/Pages/vbpq-toanvan.aspx?ItemID=14837,Hết hiệu lực toàn bộ,01/07/2007,01/05/2013,32543,549,7d7c3a66ce3a
ld_010,labor,lao_dong,ld,ld_10.md,clean_data/labor/ld_010_hieu_luc.md,Hiệu lực:,Bộ luật 10/2012/QH13,https://vbpl.vn/TW/Pages/vbpq-toanvan.aspx?ItemID=27615,Hết hiệu lực toàn bộ,01/05/2013,01/01/2021,164488,2635,a113ebde2b4e
ld_100,labor,lao_dong,ld,ld_100.md,clean_data/labor/ld_100_hieu_luc.md,Hiệu lực:,Nghị định 102/2013/NĐ-CP,https://vbpl.vn/TW/Pages/vbpq-toanvan.aspx?ItemID=32399,Hết hiệu lực toàn bộ,01/11/2013,01/04/2016,31103,443,9a3c19ec90ee
ld_011,labor,lao_dong,ld,ld_11.md,clean_data/labor/ld_011_hieu_luc.md,Hiệu lực:,Lệnh 08/2012/L-CTN,https://vbpl.vn/TW/Pages/vbpq-toanvan.aspx?ItemID=27614,Còn hiệu lực,02/07/2012,,1542,50,78fa2c4f5cc3
ld_012,labor,lao_dong,ld,ld_12.md,clean_data/labor/ld_012_hieu_luc.md,Hiệu lực:,Lệnh 08/2002/L-CTN,https://vbpl.vn/TW/Pages/vbpq-toanvan.aspx?ItemID=22153,Còn hiệu lực,01/01/2003,,1354,41,82598ad75bf9
ld_013,labor,lao_dong,ld,ld_13.md,clean_data/labor/ld_013_hieu_luc.md,Hiệu lực:,Lệnh 07/L-CTN,https://vbpl.vn/TW/Pages/vbpq-toanvan.aspx?ItemID=6769,Còn hiệu lực,16/09/1999,,1195,47,44384ed6593c
ld_014,labor,lao_dong,ld,ld_14.md,clean_data/labor/ld_014_hieu_luc.md,Hiệu lực:,Lệnh 05-L/CTN,https://vbpl.vn/TW/Pages/vbpq-toanvan.aspx?ItemID=6138,Còn hiệu lực,05/07/1994,,1205,47,3c76aa818592
ld_015,labor,lao_dong,ld,ld_15.md,clean_data/labor/ld_015_hieu_luc.md,Hiệu lực:,Nghị quyết 47/2024/UBTVQH15,https://vbpl.vn/TW/Pages/vbpq-toanvan.aspx?ItemID=177292,Còn hiệu lực,10/06/2024,,3008,53,bd7fdc691d45
ld_016,labor,lao_dong,ld,ld_16.md,clean_data/labor/ld_016_hieu_luc.md,Hiệu lực:,Nghị quyết 54/2022/QH15,https://vbpl.vn/TW/Pages/vbpq-toanvan.aspx?ItemID=162537,Còn hiệu lực,01/09/2022,,6266,107,a0189d03c901
ld_017,labor,lao_dong,ld,ld_17.md,clean_data/labor/ld_017_hieu_luc.md,Hiệu lực:,Nghị quyết 05/2019/NQ-HĐTP,https://vbpl.vn/TW/Pages/vbpq-toanvan.aspx?ItemID=137746,Còn hiệu lực,01/09/2019,,16861,136,84332f384f56
ld_018,labor,lao_dong,ld,ld_18.md,clean_data/labor/ld_018_hieu_luc.md,Hiệu lực:,Nghị quyết 24/NQ-CP,https://vbpl.vn/TW/Pages/vbpq-toanvan.aspx?ItemID=101374,Còn hiệu lực,01/04/2016,,1563,41,c59979cbf246
ld_019,labor,lao_dong,ld,ld_19.md,clean_data/labor/ld_019_hieu_luc.md,Hiệu lực:,Bộ luật Không số,https://vbpl.vn/TW/Pages/vbpq-toanvan.aspx?ItemID=10427,Hết hiệu lực toàn bộ,01/01/1995,01/05/2013,108860,1529,0cd176f3c802
ld_002,labor,lao_dong,ld,ld_2.md,clean_data/labor/ld_002_hieu_luc.md,Hiệu lực:,Nghị định 121/2014/NĐ-CP,https://vbpl.vn/TW/Pages/vbpq-toanvan.aspx?ItemID=46390,Còn hiệu lực,01/03/2015,,22179,372,6134eeef9894
ld_020,labor,lao_dong,ld,ld_20.md,clean_data/labor/ld_020_hieu_luc.md,Hiệu lực:,Nghị quyết 93/2015/QH13,https://vbpl.vn/TW/Pages/vbpq-toanvan.aspx?ItemID=70824,Hết hiệu lực toàn bộ,01/01/2016,01/07/2025,4115,87,8f47ae4073e1
ld_021,labor,lao_dong,ld,ld_21.md,clean_data/labor/ld_021_hieu_luc.md,Hiệu lực:,Nghị quyết 48/NQ-CP,https://vbpl.vn/TW/Pages/vbpq-toanvan.aspx?ItemID=41559,Còn hiệu lực,09/12/2010,,4972,63,001fed6ed21f
ld_022,labor,lao_dong,ld,ld_22.md,clean_data/labor/ld_022_hieu_luc.md,Hiệu lực:,Nghị quyết 794/2009/NQ-UBTVQH12,https://vbpl.vn/TW/Pages/vbpq-toanvan.aspx?ItemID=11864,Hết hiệu lực toàn bộ,01/07/2009,29/12/2016,3947,71,d514ecb42e25
ld_023,labor,lao_dong,ld,ld_23.md,clean_data/labor/ld_023_hieu_luc.md,Hiệu lực:,Nghị quyết 18/NQ-CP,https://vbpl.vn/TW/Pages/vbpq-toanvan.aspx?ItemID=12195,Còn hiệu lực,20/04/2009,,25430,233,fb5db6ea7071
ld_024,labor,lao_dong,ld,ld_24.md,clean_data/labor/ld_024_hieu_luc.md,Hiệu lực:,Nghị quyết 76/2007/QH11,https://vbpl.vn/TW/Pages/vbpq-toanvan.aspx?ItemID=14415,Còn hiệu lực,23/04/2007,,2003,51,69341ff02247
ld_025,labor,lao_dong,ld,ld_25.md,clean_data/labor/ld_025_hieu_luc.md,Hiệu lực:,Nghị quyết 02/2007/NQ-CP,https://vbpl.vn/TW/Pages/vbpq-toanvan.aspx?ItemID=14750,Còn hiệu lực,05/02/2007,,2746,56,dbcce8ecba3c
ld_026,labor,lao_dong,ld,ld_26.md,clean_data/labor/ld_026_hieu_luc.md,Hiệu lực:,Nghị quyết 1014/2006/NQ-UBTVQH11,https://vbpl.vn/TW/Pages/vbpq-toanvan.aspx?ItemID=16212,Còn hiệu lực,23/05/2006,,1901,48,0b5ab873cf1b
ld_027,labor,lao_dong,ld,ld_27.md,clean_data/labor/ld_027_hieu_luc.md,Hiệu lực:,Nghị quyết 655-NQ/HĐNN7,https://vbpl.vn/TW/Pages/vbpq-toanvan.aspx?ItemID=3271,Hết hiệu lực toàn bộ,28/09/1985,,1884,43,48d3ec5268b9
ld_028,labor,lao_dong,ld,ld_28.md,clean_data/labor/ld_028_hieu_luc.md,Hiệu lực:,Luật 69/2020/QH14,https://vbpl.vn/TW/Pages/vbpq-toanvan.aspx?ItemID=146643,Còn hiệu lực,01/01/2022,,92149,1286,548fd5557cfb
ld_029,labor,lao_dong,ld,ld_29.md,clean_data/labor/ld_029_hieu_luc.md,Hiệu lực:,Nghị quyết 616-NQ/HĐNN7,https://vbpl.vn/TW/Pages/vbpq-toanvan.aspx?ItemID=3278,Còn hiệu lực,10/04/1985,,1207,47,78f0e54c0304
ld_003,labor,lao_dong,ld,ld_3.md,clean_data/labor/ld_003_hieu_luc.md,Hiệu lực:,Luật 35/2002/QH10,https://vbpl.vn/TW/Pages/vbpq-toanvan.aspx?ItemID=22507,Hết hiệu lực toàn bộ,01/01/2003,01/05/2013,41321,666,a2442bb8f1a5
ld_030,labor,lao_dong,ld,ld_30.md,clean_data/labor/ld_030_hieu_luc.md,Hiệu lực:,Nghị quyết 615-NQ/HĐNN7,https://vbpl.vn/TW/Pages/vbpq-toanvan.aspx?ItemID=3279,Còn hiệu lực,10/04/1985,,1194,47,69fa6ffd951a
ld_031,labor,lao_dong,ld,ld_31.md,clean_data/labor/ld_031_hieu_luc.md,Hiệu lực:,Nghị quyết 154-HĐBT,https://vbpl.vn/TW/Pages/vbpq-toanvan.aspx?ItemID=3496,Ngưng hiệu lực,29/12/1983,,21427,128,f909712ab562
ld_032,labor,lao_dong,ld,ld_32.md,clean_data/labor/ld_032_hieu_luc.md,Hiệu lực:,Nghị quyết 303/NQ-HĐNN7,https://vbpl.vn/TW/Pages/vbpq-toanvan.aspx?ItemID=3641,Còn hiệu lực,03/03/1983,,1166,45,3a77b4ea4c7a
ld_033,labor,lao_dong,ld,ld_33.md,clean_data/labor/ld_033_hieu_luc.md,Hiệu lực:,Nghị quyết 362/CP,https://vbpl.vn/TW/Pages/vbpq-toanvan.aspx?ItemID=1400,Còn hiệu lực,29/11/1980,,16651,144,619bdd3cd70e
ld_034,labor,lao_dong,ld,ld_34.md,clean_data/labor/ld_034_hieu_luc.md,Hiệu lực:,Nghị quyết 82-CP,https://vbpl.vn/TW/Pages/vbpq-toanvan.aspx?ItemID=1390,Còn hiệu lực,12/03/1980,,12963,128,fe2c200280c6
ld_035,labor,lao_dong,ld,ld_35.md,clean_data/labor/ld_035_hieu_luc.md,Hiệu lực:,Nghị quyết liên tịch 02/2005/NQLT/TLĐLĐVN-BGD,https://vbpl.vn/TW/Pages/vbpq-toanvan.aspx?ItemID=17748,Hết hiệu lực toàn bộ,23/08/2005,,8681,88,4ddec69b1c4d
ld_036,labor,lao_dong,ld,ld_36.md,clean_data/labor/ld_036_hieu_luc.md,Hiệu lực:,Nghị định 372/2025/NĐ-CP,https://vbpl.vn/TW/Pages/vbpq-toanvan.aspx?ItemID=186453,Còn hiệu lực,01/01/2026,,16027,211,646ec8b4e633
ld_037,labor,lao_dong,ld,ld_37.md,clean_data/labor/ld_037_hieu_luc.md,Hiệu lực:,Nghị định 337/2025/NĐ-CP,https://vbpl.vn/TW/Pages/vbpq-toanvan.aspx?ItemID=185561,Còn hiệu lực,01/01/2026,,35021,443,973722eaea2a
ld_038,labor,lao_dong,ld,ld_38.md,clean_data/labor/ld_038_hieu_luc.md,Hiệu lực:,Nghị định 325/2025/NĐ-CP,https://vbpl.vn/TW/Pages/vbpq-toanvan.aspx?ItemID=185164,Còn hiệu lực,18/12/2025,,15092,189,3d061506c6f8
ld_039,labor,lao_dong,ld,ld_39.md,clean_data/labor/ld_039_hieu_luc.md,Hiệu lực:,Nghị định 318/2025/NĐ-CP,https://vbpl.vn/TW/Pages/vbpq-toanvan.aspx?ItemID=184625,Còn hiệu lực,01/01/2026,,29547,443,63c2122fc335
ld_004,labor,lao_dong,ld,ld_4.md,clean_data/labor/ld_004_hieu_luc.md,Hiệu lực:,Pháp lệnh 15/1999/PL-UBTVQH10,https://vbpl.vn/TW/Pages/vbpq-toanvan.aspx?ItemID=6768,Hết hiệu lực toàn bộ,01/01/2000,23/05/2006,19354,352,f5f417fcef2f
ld_040,labor,lao_dong,ld,ld_40.md,clean_data/labor/ld_040_hieu_luc.md,Hiệu lực:,Nghị định 293/2025/NĐ-CP,https://vbpl.vn/TW/Pages/vbpq-toanvan.aspx?ItemID=183939,Còn hiệu lực,01/01/2026,,8339,111,eadc5578fb56
ld_041,labor,lao_dong,ld,ld_41.md,clean_data/labor/ld_041_hieu_luc.md,Hiệu lực:,Nghị định 219/2025/NĐ-CP,https://vbpl.vn/TW/Pages/vbpq-toanvan.aspx?ItemID=180273,Còn hiệu lực,07/08/2025,,54082,621,7a7936c035c5
ld_042,labor,lao_dong,ld,ld_42.md,clean_data/labor/ld_042_hieu_luc.md,Hiệu lực:,Nghị định 103/2025/NĐ-CP,https://vbpl.vn/TW/Pages/vbpq-toanvan.aspx?ItemID=177727,Còn hiệu lực,01/07/2025,,34569,451,8bc49752b562
ld_043,labor,lao_dong,ld,ld_43.md,clean_data/labor/ld_043_hieu_luc.md,Hiệu lực:,Nghị định 67/2025/NĐ-CP,https://vbpl.vn/TW/Pages/vbpq-toanvan.aspx?ItemID=176201,Còn hiệu lực,15/03/2025,,26488,261,9aeeb8beb4de
ld_044,labor,lao_dong,ld,ld_44.md,clean_data/labor/ld_044_hieu_luc.md,Hiệu lực:,Nghị định 44/2025/NĐ-CP,https://vbpl.vn/TW/Pages/vbpq-toanvan.aspx?ItemID=175789,Hết hiệu lực toàn bộ,15/04/2025,15/09/2025,83462,609,abc404d095eb
ld_045,labor,lao_dong,ld,ld_45.md,clean_data/labor/ld_045_hieu_luc.md,Hiệu lực:,Nghị định 178/2024/NĐ-CP,https://vbpl.vn/TW/Pages/vbpq-toanvan.aspx?ItemID=173866,Hết hiệu lực một phần,01/01/2025,,42890,403,a2c82f2bc616
ld_046,labor,lao_dong,ld,ld_46.md,clean_data/labor/ld_046_hieu_luc.md,Hiệu lực:,Nghị định 143/2024/NĐ-CP,https://vbpl.vn/TW/Pages/vbpq-toanvan.aspx?ItemID=173651,Còn hiệu lực,01/01/2025,,70739,1160,21a417399084
ld_047,labor,lao_dong,ld,ld_47.md,clean_data/labor/ld_047_hieu_luc.md,Hiệu lực:,Nghị định 79/2024/NĐ-CP,https://vbpl.vn/TW/Pages/vbpq-toanvan.aspx?ItemID=173647,Còn hiệu lực,02/07/2024,,17280,99,25129ba22073
ld_048,labor,lao_dong,ld,ld_48.md,clean_data/labor/ld_048_hieu_luc.md,Hiệu lực:,Nghị định 74/2024/NĐ-CP,https://vbpl.vn/TW/Pages/vbpq-toanvan.aspx?ItemID=168670,Hết hiệu lực toàn bộ,01/07/2024,01/01/2026,7782,109,6405891d76b7
ld_049,labor,lao_dong,ld,ld_49.md,clean_data/labor/ld_049_hieu_luc.md,Hiệu lực:,Luật 84/2015/QH13,https://vbpl.vn/TW/Pages/vbpq-toanvan.aspx?ItemID=70811,Hết hiệu lực một phần,01/07/2016,,136159,1522,c31f170ac8b3
ld_005,labor,lao_dong,ld,ld_5.md,clean_data/labor/ld_005_hieu_luc.md,Hiệu lực:,Pháp lệnh 48-L/CTN,https://vbpl.vn/TW/Pages/vbpq-toanvan.aspx?ItemID=9273,Hết hiệu lực toàn bộ,01/07/1996,01/07/2007,74999,1172,a35e245e54ac
ld_050,labor,lao_dong,ld,ld_50.md,clean_data/labor/ld_050_hieu_luc.md,Hiệu lực:,Nghị định 21/2024/NĐ-CP,https://vbpl.vn/TW/Pages/vbpq-toanvan.aspx?ItemID=173642,Còn hiệu lực,10/04/2024,,20365,157,f4674679c1cc
ld_051,labor,lao_dong,ld,ld_51.md,clean_data/labor/ld_051_hieu_luc.md,Hiệu lực:,Nghị định 70/2023/NĐ-CP,https://vbpl.vn/TW/Pages/vbpq-toanvan.aspx?ItemID=162330,Hết hiệu lực một phần,18/09/2023,,42084,622,c788b1764e07
ld_052,labor,lao_dong,ld,ld_52.md,clean_data/labor/ld_052_hieu_luc.md,Hiệu lực:,Nghị định 64/2023/NĐ-CP,https://vbpl.vn/TW/Pages/vbpq-toanvan.aspx?ItemID=169624,Hết hiệu lực toàn bộ,23/08/2023,15/04/2025,8343,87,d84b6b94274e
ld_053,labor,lao_dong,ld,ld_53.md,clean_data/labor/ld_053_hieu_luc.md,Hiệu lực:,Nghị định 09/2023/NĐ-CP,https://vbpl.vn/TW/Pages/vbpq-toanvan.aspx?ItemID=162538,Còn hiệu lực,13/03/2023,,21187,224,68b272bd7199
ld_054,labor,lao_dong,ld,ld_54.md,clean_data/labor/ld_054_hieu_luc.md,Hiệu lực:,Nghị định 04/2023/NĐ-CP,https://vbpl.vn/TW/Pages/vbpq-toanvan.aspx?ItemID=159806,Còn hiệu lực,13/02/2023,,31531,575,f0551382104d
ld_055,labor,lao_dong,ld,ld_55.md,clean_data/labor/ld_055_hieu_luc.md,Hiệu lực:,Nghị định 97/2022/NĐ-CP,https://vbpl.vn/TW/Pages/vbpq-toanvan.aspx?ItemID=169619,Còn hiệu lực,15/01/2023,,75013,881,515ea0d03124
ld_056,labor,lao_dong,ld,ld_56.md,clean_data/labor/ld_056_hieu_luc.md,Hiệu lực:,Nghị định 62/2022/NĐ-CP,https://vbpl.vn/TW/Pages/vbpq-toanvan.aspx?ItemID=169600,Hết hiệu lực toàn bộ,12/09/2022,01/03/2025,22656,305,6610aac6bacc
ld_057,labor,lao_dong,ld,ld_57.md,clean_data/labor/ld_057_hieu_luc.md,Hiệu lực:,Nghị định 38/2022/NĐ-CP,https://vbpl.vn/TW/Pages/vbpq-toanvan.aspx?ItemID=154245,Hết hiệu lực toàn bộ,01/07/2022,01/07/2024,13812,288,4e99c1f6c991
ld_058,labor,lao_dong,ld,ld_58.md,clean_data/labor/ld_058_hieu_luc.md,Hiệu lực:,Nghị định 12/2022/NĐ-CP,https://vbpl.vn/TW/Pages/vbpq-toanvan.aspx?ItemID=153913,Còn hiệu lực,17/01/2022,,180413,2071,53ec3d64715f
ld_059,labor,lao_dong,ld,ld_59.md,clean_data/labor/ld_059_hieu_luc.md,Hiệu lực:,Nghị định 112/2021/NĐ-CP,https://vbpl.vn/TW/Pages/vbpq-toanvan.aspx?ItemID=152929,Hết hiệu lực một phần,01/01/2022,01/01/2026,55799,635,b4c86308241d
ld_006,labor,lao_dong,ld,ld_6.md,clean_data/labor/ld_006_hieu_luc.md,Hiệu lực:,Pháp lệnh Không số,https://vbpl.vn/TW/Pages/vbpq-toanvan.aspx?ItemID=11591,Còn hiệu lực,01/01/1992,,20216,367,984eab92a00d
ld_060,labor,lao_dong,ld,ld_60.md,clean_data/labor/ld_060_hieu_luc.md,Hiệu lực:,Luật 84/2007/QH11,https://vbpl.vn/TW/Pages/vbpq-toanvan.aspx?ItemID=14456,Hết hiệu lực toàn bộ,11/04/2007,01/05/2013,2355,67,97177dac7f46
ld_061,labor,lao_dong,ld,ld_61.md,clean_data/labor/ld_061_hieu_luc.md,Hiệu lực:,Nghị định 87/2021/NĐ-CP,https://vbpl.vn/TW/Pages/vbpq-toanvan.aspx?ItemID=155009,Hết hiệu lực toàn bộ,29/09/2021,15/04/2025,6907,75,01c7531e7c05
ld_062,labor,lao_dong,ld,ld_62.md,clean_data/labor/ld_062_hieu_luc.md,Hiệu lực:,Nghị định 82/2021/NĐ-CP,https://vbpl.vn/TW/Pages/vbpq-toanvan.aspx?ItemID=169625,Hết hiệu lực toàn bộ,06/09/2021,15/04/2025,18976,99,257f9ef727b6
ld_063,labor,lao_dong,ld,ld_63.md,clean_data/labor/ld_063_hieu_luc.md,Hiệu lực:,Nghị định 26/2021/NĐ-CP,https://vbpl.vn/TW/Pages/vbpq-toanvan.aspx?ItemID=147168,Còn hiệu lực,25/03/2021,,37031,385,1ff7506571e1
ld_064,labor,lao_dong,ld,ld_64.md,clean_data/labor/ld_064_hieu_luc.md,Hiệu lực:,Nghị định 152/2020/NĐ-CP,https://vbpl.vn/TW/Pages/vbpq-toanvan.aspx?ItemID=152669,Hết hiệu lực một phần,15/02/2021,,58367,635,8b8e3f85c39a
ld_065,labor,lao_dong,ld,ld_65.md,clean_data/labor/ld_065_hieu_luc.md,Hiệu lực:,Nghị định 145/2020/NĐ-CP,https://vbpl.vn/TW/Pages/vbpq-toanvan.aspx?ItemID=152668,Hết hiệu lực một phần,01/02/2021,,258345,3452,8f9e49041674
ld_066,labor,lao_dong,ld,ld_66.md,clean_data/labor/ld_066_hieu_luc.md,Hiệu lực:,Nghị định 88/2020/NĐ-CP,https://vbpl.vn/TW/Pages/vbpq-toanvan.aspx?ItemID=143470,Hết hiệu lực một phần,15/09/2020,,58875,667,2ef22573a8d3
ld_067,labor,lao_dong,ld,ld_67.md,clean_data/labor/ld_067_hieu_luc.md,Hiệu lực:,Nghị định 74/2020/NĐ-CP,https://vbpl.vn/TW/Pages/vbpq-toanvan.aspx?ItemID=142832,Hết hiệu lực toàn bộ,15/08/2020,15/04/2025,8556,77,145d41047a08
ld_068,labor,lao_dong,ld,ld_68.md,clean_data/labor/ld_068_hieu_luc.md,Hiệu lực:,Nghị định 58/2020/NĐ-CP,https://vbpl.vn/TW/Pages/vbpq-toanvan.aspx?ItemID=142815,Hết hiệu lực một phần,15/07/2020,,17743,229,faecc7edfb85
ld_069,labor,lao_dong,ld,ld_69.md,clean_data/labor/ld_069_hieu_luc.md,Hiệu lực:,Nghị định 28/2020/NĐ-CP,https://vbpl.vn/TW/Pages/vbpq-toanvan.aspx?ItemID=141147,Còn hiệu lực,15/04/2020,,115315,1595,a68dfeefa395
ld_007,labor,lao_dong,ld,ld_7.md,clean_data/labor/ld_007_hieu_luc.md,Hiệu lực:,Pháp lệnh 45-LCT/HĐNN8,https://vbpl.vn/TW/Pages/vbpq-toanvan.aspx?ItemID=2058,Hết hiệu lực toàn bộ,10/09/1990,,18623,349,dfeb9f774d73
ld_070,labor,lao_dong,ld,ld_70.md,clean_data/labor/ld_070_hieu_luc.md,Hiệu lực:,Nghị định 76/2019/NĐ-CP,https://vbpl.vn/TW/Pages/vbpq-toanvan.aspx?ItemID=138335,Còn hiệu lực,01/12/2019,,20840,243,ec9ef0455622
ld_071,labor,lao_dong,ld,ld_71.md,clean_data/labor/ld_071_hieu_luc.md,Hiệu lực:,Luật 72/2006/QH11,https://vbpl.vn/TW/Pages/vbpq-toanvan.aspx?ItemID=14276,Hết hiệu lực toàn bộ,01/07/2007,01/01/2022,83242,1298,95a926b600ec
ld_072,labor,lao_dong,ld,ld_72.md,clean_data/labor/ld_072_hieu_luc.md,Hiệu lực:,Nghị định 153/2018/NĐ-CP,https://vbpl.vn/TW/Pages/vbpq-toanvan.aspx?ItemID=132026,Còn hiệu lực,24/12/2018,,7159,112,ddaaba363ec0
ld_073,labor,lao_dong,ld,ld_73.md,clean_data/labor/ld_073_hieu_luc.md,Hiệu lực:,Nghị định 149/2018/NĐ-CP,https://vbpl.vn/TW/Pages/vbpq-toanvan.aspx?ItemID=132028,Còn hiệu lực,01/01/2019,,8072,161,7f51a79f1a0a
ld_074,labor,lao_dong,ld,ld_74.md,clean_data/labor/ld_074_hieu_luc.md,Hiệu lực:,Nghị định 148/2018/NĐ-CP,https://vbpl.vn/TW/Pages/vbpq-toanvan.aspx?ItemID=131643,Còn hiệu lực,15/12/2018,,13946,173,54e0274eed23
ld_075,labor,lao_dong,ld,ld_75.md,clean_data/labor/ld_075_hieu_luc.md,Hiệu lực:,Nghị định 143/2018/NĐ-CP,https://vbpl.vn/TW/Pages/vbpq-toanvan.aspx?ItemID=131592,Hết hiệu lực toàn bộ,01/12/2018,01/07/2025,20430,303,c9a11cda32bc
ld_076,labor,lao_dong,ld,ld_76.md,clean_data/labor/ld_076_hieu_luc.md,Hiệu lực:,Nghị định 140/2018/NĐ-CP,https://vbpl.vn/TW/Pages/vbpq-toanvan.aspx?ItemID=131493,Hết hiệu lực một phần,08/10/2018,,69880,901,8ff29c525233
ld_077,labor,lao_dong,ld,ld_77.md,clean_data/labor/ld_077_hieu_luc.md,Hiệu lực:,Nghị định 121/2018/NĐ-CP,https://vbpl.vn/TW/Pages/vbpq-toanvan.aspx?ItemID=131010,Còn hiệu lực,01/11/2018,,2790,59,dd12900e99f0
ld_078,labor,lao_dong,ld,ld_78.md,clean_data/labor/ld_078_hieu_luc.md,Hiệu lực:,Nghị định 141/2017/NĐ-CP,https://vbpl.vn/TW/Pages/vbpq-toanvan.aspx?ItemID=126319,Còn hiệu lực,25/01/2018,,8194,117,4b1f82fa3919
ld_079,labor,lao_dong,ld,ld_79.md,clean_data/labor/ld_079_hieu_luc.md,Hiệu lực:,Nghị định 121/2016/NĐ-CP,https://vbpl.vn/TW/Pages/vbpq-toanvan.aspx?ItemID=113065,Hết hiệu lực một phần,10/10/2016,,21346,195,b8e797b5786b
ld_008,labor,lao_dong,ld,ld_8.md,clean_data/labor/ld_008_hieu_luc.md,Hiệu lực:,Pháp lệnh Không số,https://vbpl.vn/TW/Pages/vbpq-toanvan.aspx?ItemID=2556,Hết hiệu lực toàn bộ,22/11/1988,01/01/2000,8199,191,dba81bcd079e
ld_080,labor,lao_dong,ld,ld_80.md,clean_data/labor/ld_080_hieu_luc.md,Hiệu lực:,Nghị định 55/2016/NĐ-CP,https://vbpl.vn/TW/Pages/vbpq-toanvan.aspx?ItemID=105812,Còn hiệu lực,01/08/2016,,11681,119,b4022745ed52
ld_081,labor,lao_dong,ld,ld_81.md,clean_data/labor/ld_081_hieu_luc.md,Hiệu lực:,Nghị định 53/2016/NĐ-CP,https://vbpl.vn/TW/Pages/vbpq-toanvan.aspx?ItemID=105814,Hết hiệu lực toàn bộ,01/08/2016,15/04/2025,16689,181,d3811b2d751b
ld_082,labor,lao_dong,ld,ld_82.md,clean_data/labor/ld_082_hieu_luc.md,Hiệu lực:,Nghị định 51/2016/NĐ-CP,https://vbpl.vn/TW/Pages/vbpq-toanvan.aspx?ItemID=105816,Còn hiệu lực,01/08/2016,,20691,209,877abcd04b01
ld_083,labor,lao_dong,ld,ld_83.md,clean_data/labor/ld_083_hieu_luc.md,Hiệu lực:,Nghị định 37/2016/NĐ-CP,https://vbpl.vn/TW/Pages/vbpq-toanvan.aspx?ItemID=105823,Hết hiệu lực toàn bộ,01/07/2016,15/09/2020,33309,501,8250fa4fc8c7
ld_084,labor,lao_dong,ld,ld_84.md,clean_data/labor/ld_084_hieu_luc.md,Hiệu lực:,Nghị định 39/2016/NĐ-CP,https://vbpl.vn/TW/Pages/vbpq-toanvan.aspx?ItemID=105821,Còn hiệu lực,01/07/2016,,89807,1059,579242e13c18
ld_085,labor,lao_dong,ld,ld_85.md,clean_data/labor/ld_085_hieu_luc.md,Hiệu lực:,Nghị định 44/2016/NĐ-CP,https://vbpl.vn/TW/Pages/vbpq-toanvan.aspx?ItemID=117760,Hết hiệu lực một phần,01/07/2016,,73391,983,cbbf75abca3d
ld_086,labor,lao_dong,ld,ld_86.md,clean_data/labor/ld_086_hieu_luc.md,Hiệu lực:,Nghị định 11/2016/NĐ-CP,https://vbpl.vn/TW/Pages/vbpq-toanvan.aspx?ItemID=97142,Hết hiệu lực một phần,01/04/2016,,32679,431,76b02d9436b5
ld_087,labor,lao_dong,ld,ld_87.md,clean_data/labor/ld_087_hieu_luc.md,Hiệu lực:,Nghị định 122/2015/NĐ-CP,https://vbpl.vn/TW/Pages/vbpq-toanvan.aspx?ItemID=92898,Còn hiệu lực,01/01/2016,,9626,121,17b241d6bed7
ld_088,labor,lao_dong,ld,ld_88.md,clean_data/labor/ld_088_hieu_luc.md,Hiệu lực:,Nghị định 88/2015/NĐ-CP,https://vbpl.vn/TW/Pages/vbpq-toanvan.aspx?ItemID=85953,Hết hiệu lực toàn bộ,25/11/2015,,49649,685,5e3662636793
ld_089,labor,lao_dong,ld,ld_89.md,clean_data/labor/ld_089_hieu_luc.md,Hiệu lực:,Nghị định 85/2015/NĐ-CP,https://vbpl.vn/TW/Pages/vbpq-toanvan.aspx?ItemID=84922,Còn hiệu lực,15/11/2015,,12205,214,f81009e4ad57
ld_009,labor,lao_dong,ld,ld_9.md,clean_data/labor/ld_009_hieu_luc.md,Hiệu lực:,Pháp lệnh Số hiệu:17/LCT,https://vbpl.vn/TW/Pages/vbpq-toanvan.aspx?ItemID=1224,Còn hiệu lực,27/01/1970,,3920,82,965b129f6f0c
ld_090,labor,lao_dong,ld,ld_90.md,clean_data/labor/ld_090_hieu_luc.md,Hiệu lực:,Nghị định 63/2015/NĐ-CP,https://vbpl.vn/TW/Pages/vbpq-toanvan.aspx?ItemID=72046,Còn hiệu lực,15/09/2015,,24801,269,08001a8ec6f4
ld_091,labor,lao_dong,ld,ld_91.md,clean_data/labor/ld_091_hieu_luc.md,Hiệu lực:,Nghị định 05/2015/NĐ-CP,https://vbpl.vn/TW/Pages/vbpq-toanvan.aspx?ItemID=48298,Hết hiệu lực một phần,01/03/2015,,53943,621,2e1369363627
ld_092,labor,lao_dong,ld,ld_92.md,clean_data/labor/ld_092_hieu_luc.md,Hiệu lực:,Nghị định 119/2014/NĐ-CP,https://vbpl.vn/TW/Pages/vbpq-toanvan.aspx?ItemID=45990,Hết hiệu lực toàn bộ,01/02/2015,15/04/2018,44937,692,17017c547b83
ld_093,labor,lao_dong,ld,ld_93.md,clean_data/labor/ld_093_hieu_luc.md,Hiệu lực:,Nghị định 103/2014/NĐ-CP,https://vbpl.vn/TW/Pages/vbpq-toanvan.aspx?ItemID=37648,Hết hiệu lực toàn bộ,01/01/2015,01/01/2016,9365,123,f77cadf6d98d
ld_094,labor,lao_dong,ld,ld_94.md,clean_data/labor/ld_094_hieu_luc.md,Hiệu lực:,Nghị định 75/2014/NĐ-CP,https://vbpl.vn/TW/Pages/vbpq-toanvan.aspx?ItemID=36920,Còn hiệu lực,15/09/2014,,13327,193,51cc1ee77fc3
ld_095,labor,lao_dong,ld,ld_95.md,clean_data/labor/ld_095_hieu_luc.md,Hiệu lực:,Nghị định 73/2014/NĐ-CP,https://vbpl.vn/TW/Pages/vbpq-toanvan.aspx?ItemID=36843,Còn hiệu lực,15/09/2014,,2891,59,b270e9171ef9
ld_096,labor,lao_dong,ld,ld_96.md,clean_data/labor/ld_096_hieu_luc.md,Hiệu lực:,Nghị định 53/2014/NĐ-CP,https://vbpl.vn/TW/Pages/vbpq-toanvan.aspx?ItemID=36142,Còn hiệu lực,15/07/2014,,8047,123,dba37573cfe1
ld_097,labor,lao_dong,ld,ld_97.md,clean_data/labor/ld_097_hieu_luc.md,Hiệu lực:,Nghị định 27/2014/NĐ-CP,https://vbpl.vn/TW/Pages/vbpq-toanvan.aspx?ItemID=34095,Còn hiệu lực,25/05/2014,,21164,341,d57aa46729fa
ld_098,labor,lao_dong,ld,ld_98.md,clean_data/labor/ld_098_hieu_luc.md,Hiệu lực:,Nghị định 03/2014/NĐ-CP,https://vbpl.vn/TW/Pages/vbpq-toanvan.aspx?ItemID=33381,Hết hiệu lực một phần,15/03/2014,,9938,190,56e3c4d1f5d7
ld_099,labor,lao_dong,ld,ld_99.md,clean_data/labor/ld_099_hieu_luc.md,Hiệu lực:,Nghị định 182/2013/NĐ-CP,https://vbpl.vn/TW/Pages/vbpq-toanvan.aspx?ItemID=32608,Hết hiệu lực toàn bộ,31/12/2013,01/01/2015,6245,109,18ce78e6ac5e
